,user_id,key_time,key_code,is_user,direction
0,e85b3844-5af0-47ea-bf51-62da4b4efc39,1509893801437,57392,True,d
1,e85b3844-5af0-47ea-bf51-62da4b4efc39,1509893801572,57392,True,u
2,e85b3844-5af0-47ea-bf51-62da4b4efc39,1509893801690,57392,True,d
3,e85b3844-5af0-47ea-bf51-62da4b4efc39,1509893801817,57392,True,u
4,e85b3844-5af0-47ea-bf51-62da4b4efc39,1509893801943,57392,True,d
5,e85b3844-5af0-47ea-bf51-62da4b4efc39,1509893802054,57392,True,u
6,e85b3844-5af0-47ea-bf51-62da4b4efc39,1509893802157,57392,True,d
7,e85b3844-5af0-47ea-bf51-62da4b4efc39,1509893802227,57392,True,u
8,e85b3844-5af0-47ea-bf51-62da4b4efc39,1509893802314,57392,True,d
9,e85b3844-5af0-47ea-bf51-62da4b4efc39,1509893802393,57392,True,u
10,e85b3844-5af0-47ea-bf51-62da4b4efc39,1509893802480,57392,True,d
11,e85b3844-5af0-47ea-bf51-62da4b4efc39,1509893802543,57392,True,u
12,e85b3844-5af0-47ea-bf51-62da4b4efc39,1509893818165,1,True,d
13,e85b3844-5af0-47ea-bf51-62da4b4efc39,1509893818300,1,True,u
14,e85b3844-5af0-47ea-bf51-62da4b4efc39,1509893832912,37,True,d
15,e85b3844-5af0-47ea-bf51-62da4b4efc39,1509893833006,37,True,u
16,e85b3844-5af0-47ea-bf51-62da4b4efc39,1509893833078,37,True,d
17,e85b3844-5af0-47ea-bf51-62da4b4efc39,1509893833158,57,True,d
18,e85b3844-5af0-47ea-bf51-62da4b4efc39,1509893833195,37,True,u
19,e85b3844-5af0-47ea-bf51-62da4b4efc39,1509893833288,33,True,d
20,e85b3844-5af0-47ea-bf51-62da4b4efc39,1509893833288,57,True,u
21,e85b3844-5af0-47ea-bf51-62da4b4efc39,1509893833350,30,True,d
22,e85b3844-5af0-47ea-bf51-62da4b4efc39,1509893833382,33,True,u
23,e85b3844-5af0-47ea-bf51-62da4b4efc39,1509893833446,23,True,d
24,e85b3844-5af0-47ea-bf51-62da4b4efc39,1509893833466,30,True,u
25,e85b3844-5af0-47ea-bf51-62da4b4efc39,1509893833562,19,True,d
26,e85b3844-5af0-47ea-bf51-62da4b4efc39,1509893833587,23,True,u
27,e85b3844-5af0-47ea-bf51-62da4b4efc39,1509893833722,19,True,u
28,e85b3844-5af0-47ea-bf51-62da4b4efc39,1509893833722,57,True,d
29,e85b3844-5af0-47ea-bf51-62da4b4efc39,1509893833836,57,True,u
30,e85b3844-5af0-47ea-bf51-62da4b4efc39,1509893833836,18,True,d
31,e85b3844-5af0-47ea-bf51-62da4b4efc39,1509893833970,18,True,u
32,e85b3844-5af0-47ea-bf51-62da4b4efc39,1509893834211,14,True,d
33,e85b3844-5af0-47ea-bf51-62da4b4efc39,1509893834298,14,True,u
34,e85b3844-5af0-47ea-bf51-62da4b4efc39,1509893834385,14,True,d
35,e85b3844-5af0-47ea-bf51-62da4b4efc39,1509893834464,14,True,u
36,e85b3844-5af0-47ea-bf51-62da4b4efc39,1509893834534,14,True,d
37,e85b3844-5af0-47ea-bf51-62da4b4efc39,1509893834597,14,True,u
38,e85b3844-5af0-47ea-bf51-62da4b4efc39,1509893834676,14,True,d
39,e85b3844-5af0-47ea-bf51-62da4b4efc39,1509893834739,14,True,u
40,e85b3844-5af0-47ea-bf51-62da4b4efc39,1509893834818,14,True,d
41,e85b3844-5af0-47ea-bf51-62da4b4efc39,1509893834865,14,True,u
42,e85b3844-5af0-47ea-bf51-62da4b4efc39,1509893834943,14,True,d
43,e85b3844-5af0-47ea-bf51-62da4b4efc39,1509893835054,14,True,u
44,e85b3844-5af0-47ea-bf51-62da4b4efc39,1509893835887,33,True,d
45,e85b3844-5af0-47ea-bf51-62da4b4efc39,1509893835990,33,True,u
46,e85b3844-5af0-47ea-bf51-62da4b4efc39,1509893836155,30,True,d
47,e85b3844-5af0-47ea-bf51-62da4b4efc39,1509893836253,23,True,d
48,e85b3844-5af0-47ea-bf51-62da4b4efc39,1509893836273,30,True,u
49,e85b3844-5af0-47ea-bf51-62da4b4efc39,1509893836370,23,True,u
50,e85b3844-5af0-47ea-bf51-62da4b4efc39,1509893836400,19,True,d
51,e85b3844-5af0-47ea-bf51-62da4b4efc39,1509893836466,57,True,d
52,e85b3844-5af0-47ea-bf51-62da4b4efc39,1509893836486,19,True,u
53,e85b3844-5af0-47ea-bf51-62da4b4efc39,1509893836607,57,True,u
54,e85b3844-5af0-47ea-bf51-62da4b4efc39,1509893836867,18,True,d
55,e85b3844-5af0-47ea-bf51-62da4b4efc39,1509893836962,49,True,d
56,e85b3844-5af0-47ea-bf51-62da4b4efc39,1509893836992,18,True,u
57,e85b3844-5af0-47ea-bf51-62da4b4efc39,1509893837088,49,True,u
58,e85b3844-5af0-47ea-bf51-62da4b4efc39,1509893837128,24,True,d
59,e85b3844-5af0-47ea-bf51-62da4b4efc39,1509893837213,22,True,d
60,e85b3844-5af0-47ea-bf51-62da4b4efc39,1509893837269,24,True,u
61,e85b3844-5af0-47ea-bf51-62da4b4efc39,1509893837307,22,True,u
62,e85b3844-5af0-47ea-bf51-62da4b4efc39,1509893837337,34,True,d
63,e85b3844-5af0-47ea-bf51-62da4b4efc39,1509893837439,35,True,d
64,e85b3844-5af0-47ea-bf51-62da4b4efc39,1509893837440,34,True,u
65,e85b3844-5af0-47ea-bf51-62da4b4efc39,1509893837534,35,True,u
66,e85b3844-5af0-47ea-bf51-62da4b4efc39,1509893837846,28,True,d
67,e85b3844-5af0-47ea-bf51-62da4b4efc39,1509893837956,28,True,u
68,e85b3844-5af0-47ea-bf51-62da4b4efc39,1509894487709,1,True,d
69,e85b3844-5af0-47ea-bf51-62da4b4efc39,1509894487829,1,True,u
70,e85b3844-5af0-47ea-bf51-62da4b4efc39,1509894504361,21,True,d
71,e85b3844-5af0-47ea-bf51-62da4b4efc39,1509894504472,21,True,u
72,e85b3844-5af0-47ea-bf51-62da4b4efc39,1509894504566,22,True,d
73,e85b3844-5af0-47ea-bf51-62da4b4efc39,1509894504686,25,True,d
74,e85b3844-5af0-47ea-bf51-62da4b4efc39,1509894504707,22,True,u
75,e85b3844-5af0-47ea-bf51-62da4b4efc39,1509894504764,25,True,u
76,e85b3844-5af0-47ea-bf51-62da4b4efc39,1509894504875,28,True,d
77,e85b3844-5af0-47ea-bf51-62da4b4efc39,1509894504985,28,True,u
78,e85b3844-5af0-47ea-bf51-62da4b4efc39,1509894505100,17,True,d
79,e85b3844-5af0-47ea-bf51-62da4b4efc39,1509894505203,35,True,d
80,e85b3844-5af0-47ea-bf51-62da4b4efc39,1509894505204,17,True,u
81,e85b3844-5af0-47ea-bf51-62da4b4efc39,1509894505288,30,True,d
82,e85b3844-5af0-47ea-bf51-62da4b4efc39,1509894505330,35,True,u
83,e85b3844-5af0-47ea-bf51-62da4b4efc39,1509894505384,20,True,d
84,e85b3844-5af0-47ea-bf51-62da4b4efc39,1509894505413,30,True,u
85,e85b3844-5af0-47ea-bf51-62da4b4efc39,1509894505439,40,True,d
86,e85b3844-5af0-47ea-bf51-62da4b4efc39,1509894505461,20,True,u
87,e85b3844-5af0-47ea-bf51-62da4b4efc39,1509894505546,31,True,d
88,e85b3844-5af0-47ea-bf51-62da4b4efc39,1509894505573,40,True,u
89,e85b3844-5af0-47ea-bf51-62da4b4efc39,1509894505636,57,True,d
90,e85b3844-5af0-47ea-bf51-62da4b4efc39,1509894505672,31,True,u
91,e85b3844-5af0-47ea-bf51-62da4b4efc39,1509894505710,57,True,u
92,e85b3844-5af0-47ea-bf51-62da4b4efc39,1509894505711,22,True,d
93,e85b3844-5af0-47ea-bf51-62da4b4efc39,1509894505797,22,True,u
94,e85b3844-5af0-47ea-bf51-62da4b4efc39,1509894505822,25,True,d
95,e85b3844-5af0-47ea-bf51-62da4b4efc39,1509894505964,25,True,u
96,e85b3844-5af0-47ea-bf51-62da4b4efc39,1509894506206,3638,True,d
97,e85b3844-5af0-47ea-bf51-62da4b4efc39,1509894506688,53,True,d
98,e85b3844-5af0-47ea-bf51-62da4b4efc39,1509894506813,53,True,u
99,e85b3844-5af0-47ea-bf51-62da4b4efc39,1509894506813,3638,True,u
100,e85b3844-5af0-47ea-bf51-62da4b4efc39,1509894506876,28,True,d
101,e85b3844-5af0-47ea-bf51-62da4b4efc39,1509894506987,28,True,u
102,e85b3844-5af0-47ea-bf51-62da4b4efc39,1509894524084,17,True,d
103,e85b3844-5af0-47ea-bf51-62da4b4efc39,1509894524184,17,True,u
104,e85b3844-5af0-47ea-bf51-62da4b4efc39,1509894524530,14,True,d
105,e85b3844-5af0-47ea-bf51-62da4b4efc39,1509894524649,14,True,u
106,e85b3844-5af0-47ea-bf51-62da4b4efc39,1509894524727,34,True,d
107,e85b3844-5af0-47ea-bf51-62da4b4efc39,1509894524829,34,True,u
108,e85b3844-5af0-47ea-bf51-62da4b4efc39,1509894524861,23,True,d
109,e85b3844-5af0-47ea-bf51-62da4b4efc39,1509894524937,47,True,d
110,e85b3844-5af0-47ea-bf51-62da4b4efc39,1509894525001,47,True,u
111,e85b3844-5af0-47ea-bf51-62da4b4efc39,1509894525017,23,True,u
112,e85b3844-5af0-47ea-bf51-62da4b4efc39,1509894525045,18,True,d
113,e85b3844-5af0-47ea-bf51-62da4b4efc39,1509894525145,57,True,d
114,e85b3844-5af0-47ea-bf51-62da4b4efc39,1509894525161,18,True,u
115,e85b3844-5af0-47ea-bf51-62da4b4efc39,1509894525253,57,True,u
116,e85b3844-5af0-47ea-bf51-62da4b4efc39,1509894525323,50,True,d
117,e85b3844-5af0-47ea-bf51-62da4b4efc39,1509894525424,18,True,d
118,e85b3844-5af0-47ea-bf51-62da4b4efc39,1509894525424,50,True,u
119,e85b3844-5af0-47ea-bf51-62da4b4efc39,1509894525521,57,True,d
120,e85b3844-5af0-47ea-bf51-62da4b4efc39,1509894525549,18,True,u
121,e85b3844-5af0-47ea-bf51-62da4b4efc39,1509894525630,30,True,d
122,e85b3844-5af0-47ea-bf51-62da4b4efc39,1509894525630,57,True,u
123,e85b3844-5af0-47ea-bf51-62da4b4efc39,1509894525697,57,True,d
124,e85b3844-5af0-47ea-bf51-62da4b4efc39,1509894525749,30,True,u
125,e85b3844-5af0-47ea-bf51-62da4b4efc39,1509894525785,57,True,u
126,e85b3844-5af0-47ea-bf51-62da4b4efc39,1509894525869,46,True,d
127,e85b3844-5af0-47ea-bf51-62da4b4efc39,1509894525937,30,True,d
128,e85b3844-5af0-47ea-bf51-62da4b4efc39,1509894525985,46,True,u
129,e85b3844-5af0-47ea-bf51-62da4b4efc39,1509894526033,38,True,d
130,e85b3844-5af0-47ea-bf51-62da4b4efc39,1509894526061,30,True,u
131,e85b3844-5af0-47ea-bf51-62da4b4efc39,1509894526097,38,True,u
132,e85b3844-5af0-47ea-bf51-62da4b4efc39,1509894526158,38,True,d
133,e85b3844-5af0-47ea-bf51-62da4b4efc39,1509894526254,38,True,u
134,e85b3844-5af0-47ea-bf51-62da4b4efc39,1509894526328,28,True,d
135,e85b3844-5af0-47ea-bf51-62da4b4efc39,1509894526404,28,True,u
136,72cc4371-4288-4c84-b163-e441a55ea1bf,1509894636802,56,False,d
137,72cc4371-4288-4c84-b163-e441a55ea1bf,1509894636866,15,False,d
138,72cc4371-4288-4c84-b163-e441a55ea1bf,1509894636974,15,False,u
139,72cc4371-4288-4c84-b163-e441a55ea1bf,1509894637379,56,False,u
140,72cc4371-4288-4c84-b163-e441a55ea1bf,1509894640138,6,False,d
141,72cc4371-4288-4c84-b163-e441a55ea1bf,1509894640303,6,False,u
142,72cc4371-4288-4c84-b163-e441a55ea1bf,1509894640400,57421,False,d
143,72cc4371-4288-4c84-b163-e441a55ea1bf,1509894640513,57421,False,u
144,72cc4371-4288-4c84-b163-e441a55ea1bf,1509894640599,57421,False,d
145,72cc4371-4288-4c84-b163-e441a55ea1bf,1509894640749,57421,False,u
146,72cc4371-4288-4c84-b163-e441a55ea1bf,1509894641617,10,False,d
147,72cc4371-4288-4c84-b163-e441a55ea1bf,1509894641754,10,False,u
148,72cc4371-4288-4c84-b163-e441a55ea1bf,1509894641954,57421,False,d
149,72cc4371-4288-4c84-b163-e441a55ea1bf,1509894642044,57421,False,u
150,72cc4371-4288-4c84-b163-e441a55ea1bf,1509894642308,57421,False,d
151,72cc4371-4288-4c84-b163-e441a55ea1bf,1509894642393,57421,False,u
152,72cc4371-4288-4c84-b163-e441a55ea1bf,1509894643547,8,False,d
153,72cc4371-4288-4c84-b163-e441a55ea1bf,1509894643647,8,False,u
154,72cc4371-4288-4c84-b163-e441a55ea1bf,1509894643691,57421,False,d
155,72cc4371-4288-4c84-b163-e441a55ea1bf,1509894643780,57421,False,u
156,72cc4371-4288-4c84-b163-e441a55ea1bf,1509894643871,57421,False,d
157,72cc4371-4288-4c84-b163-e441a55ea1bf,1509894643982,57421,False,u
158,72cc4371-4288-4c84-b163-e441a55ea1bf,1509894646034,3,False,d
159,72cc4371-4288-4c84-b163-e441a55ea1bf,1509894646122,3,False,u
160,72cc4371-4288-4c84-b163-e441a55ea1bf,1509894646219,57421,False,d
161,72cc4371-4288-4c84-b163-e441a55ea1bf,1509894646317,57421,False,u
162,72cc4371-4288-4c84-b163-e441a55ea1bf,1509894646415,57421,False,d
163,72cc4371-4288-4c84-b163-e441a55ea1bf,1509894646539,57421,False,u
164,72cc4371-4288-4c84-b163-e441a55ea1bf,1509894646980,6,False,d
165,72cc4371-4288-4c84-b163-e441a55ea1bf,1509894647088,6,False,u
166,72cc4371-4288-4c84-b163-e441a55ea1bf,1509894647132,57421,False,d
167,72cc4371-4288-4c84-b163-e441a55ea1bf,1509894647237,57421,False,u
168,72cc4371-4288-4c84-b163-e441a55ea1bf,1509894647676,57421,False,d
169,72cc4371-4288-4c84-b163-e441a55ea1bf,1509894647774,57421,False,u
170,72cc4371-4288-4c84-b163-e441a55ea1bf,1509894650474,57419,False,d
171,72cc4371-4288-4c84-b163-e441a55ea1bf,1509894650552,57419,False,u
172,72cc4371-4288-4c84-b163-e441a55ea1bf,1509894650675,57419,False,d
173,72cc4371-4288-4c84-b163-e441a55ea1bf,1509894650776,57419,False,u
174,72cc4371-4288-4c84-b163-e441a55ea1bf,1509894651552,3,False,d
175,72cc4371-4288-4c84-b163-e441a55ea1bf,1509894651630,3,False,u
176,72cc4371-4288-4c84-b163-e441a55ea1bf,1509894651818,57421,False,d
177,72cc4371-4288-4c84-b163-e441a55ea1bf,1509894651900,57421,False,u
178,72cc4371-4288-4c84-b163-e441a55ea1bf,1509894652004,57421,False,d
179,72cc4371-4288-4c84-b163-e441a55ea1bf,1509894652095,57421,False,u
180,72cc4371-4288-4c84-b163-e441a55ea1bf,1509894657137,2,False,d
181,72cc4371-4288-4c84-b163-e441a55ea1bf,1509894657241,2,False,u
182,72cc4371-4288-4c84-b163-e441a55ea1bf,1509894657715,11,False,d
183,72cc4371-4288-4c84-b163-e441a55ea1bf,1509894657860,11,False,u
184,72cc4371-4288-4c84-b163-e441a55ea1bf,1509894658034,57421,False,d
185,72cc4371-4288-4c84-b163-e441a55ea1bf,1509894658152,57421,False,u
186,72cc4371-4288-4c84-b163-e441a55ea1bf,1509894658687,57421,False,d
187,72cc4371-4288-4c84-b163-e441a55ea1bf,1509894658799,57421,False,u
188,72cc4371-4288-4c84-b163-e441a55ea1bf,1509894660045,7,False,d
189,72cc4371-4288-4c84-b163-e441a55ea1bf,1509894660149,7,False,u
190,72cc4371-4288-4c84-b163-e441a55ea1bf,1509894660385,57421,False,d
191,72cc4371-4288-4c84-b163-e441a55ea1bf,1509894660488,57421,False,u
192,72cc4371-4288-4c84-b163-e441a55ea1bf,1509894661236,57421,False,d
193,72cc4371-4288-4c84-b163-e441a55ea1bf,1509894661351,57421,False,u
194,72cc4371-4288-4c84-b163-e441a55ea1bf,1509894662621,6,False,d
195,72cc4371-4288-4c84-b163-e441a55ea1bf,1509894662699,6,False,u
196,72cc4371-4288-4c84-b163-e441a55ea1bf,1509894662754,57421,False,d
197,72cc4371-4288-4c84-b163-e441a55ea1bf,1509894662837,57421,False,u
198,72cc4371-4288-4c84-b163-e441a55ea1bf,1509894662941,57421,False,d
199,72cc4371-4288-4c84-b163-e441a55ea1bf,1509894663017,57421,False,u
200,72cc4371-4288-4c84-b163-e441a55ea1bf,1509894665234,2,False,d
201,72cc4371-4288-4c84-b163-e441a55ea1bf,1509894665334,2,False,u
202,72cc4371-4288-4c84-b163-e441a55ea1bf,1509894665674,5,False,d
203,72cc4371-4288-4c84-b163-e441a55ea1bf,1509894665756,5,False,u
204,72cc4371-4288-4c84-b163-e441a55ea1bf,1509894665799,57421,False,d
205,72cc4371-4288-4c84-b163-e441a55ea1bf,1509894665880,57421,False,u
206,72cc4371-4288-4c84-b163-e441a55ea1bf,1509894666016,57421,False,d
207,72cc4371-4288-4c84-b163-e441a55ea1bf,1509894666098,57421,False,u
208,72cc4371-4288-4c84-b163-e441a55ea1bf,1509894668292,7,False,d
209,72cc4371-4288-4c84-b163-e441a55ea1bf,1509894668416,7,False,u
210,72cc4371-4288-4c84-b163-e441a55ea1bf,1509894668524,57421,False,d
211,72cc4371-4288-4c84-b163-e441a55ea1bf,1509894668615,57421,False,u
212,72cc4371-4288-4c84-b163-e441a55ea1bf,1509894668741,57421,False,d
213,72cc4371-4288-4c84-b163-e441a55ea1bf,1509894668815,57421,False,u
214,72cc4371-4288-4c84-b163-e441a55ea1bf,1509894672068,7,False,d
215,72cc4371-4288-4c84-b163-e441a55ea1bf,1509894672169,7,False,u
216,72cc4371-4288-4c84-b163-e441a55ea1bf,1509894672295,57421,False,d
217,72cc4371-4288-4c84-b163-e441a55ea1bf,1509894672332,57421,False,u
218,72cc4371-4288-4c84-b163-e441a55ea1bf,1509894672468,57421,False,d
219,72cc4371-4288-4c84-b163-e441a55ea1bf,1509894672550,57421,False,u
220,72cc4371-4288-4c84-b163-e441a55ea1bf,1509894675993,9,False,d
221,72cc4371-4288-4c84-b163-e441a55ea1bf,1509894676059,9,False,u
222,72cc4371-4288-4c84-b163-e441a55ea1bf,1509894676252,57421,False,d
223,72cc4371-4288-4c84-b163-e441a55ea1bf,1509894676309,57421,False,u
224,72cc4371-4288-4c84-b163-e441a55ea1bf,1509894676516,57421,False,d
225,72cc4371-4288-4c84-b163-e441a55ea1bf,1509894676575,57421,False,u
226,72cc4371-4288-4c84-b163-e441a55ea1bf,1509894677027,7,False,d
227,72cc4371-4288-4c84-b163-e441a55ea1bf,1509894677131,7,False,u
228,72cc4371-4288-4c84-b163-e441a55ea1bf,1509894677224,57421,False,d
229,72cc4371-4288-4c84-b163-e441a55ea1bf,1509894677296,57421,False,u
230,72cc4371-4288-4c84-b163-e441a55ea1bf,1509894677485,57421,False,d
231,72cc4371-4288-4c84-b163-e441a55ea1bf,1509894677614,57421,False,u
232,72cc4371-4288-4c84-b163-e441a55ea1bf,1509894966886,57424,False,d
233,72cc4371-4288-4c84-b163-e441a55ea1bf,1509894967030,57424,False,u
234,72cc4371-4288-4c84-b163-e441a55ea1bf,1509894967119,57419,False,d
235,72cc4371-4288-4c84-b163-e441a55ea1bf,1509894967247,57419,False,u
236,72cc4371-4288-4c84-b163-e441a55ea1bf,1509894967359,57419,False,d
237,72cc4371-4288-4c84-b163-e441a55ea1bf,1509894967444,57419,False,u
238,72cc4371-4288-4c84-b163-e441a55ea1bf,1509894967518,57419,False,d
239,72cc4371-4288-4c84-b163-e441a55ea1bf,1509894967646,57419,False,u
240,72cc4371-4288-4c84-b163-e441a55ea1bf,1509894967724,57419,False,d
241,72cc4371-4288-4c84-b163-e441a55ea1bf,1509894969303,57419,False,u
242,72cc4371-4288-4c84-b163-e441a55ea1bf,1509894969681,57421,False,d
243,72cc4371-4288-4c84-b163-e441a55ea1bf,1509894969809,57421,False,u
244,f212c9bc-824a-4011-9a70-55a7d2f86ba2,1509897397717,42,False,d
245,f212c9bc-824a-4011-9a70-55a7d2f86ba2,1509897398352,23,False,d
246,f212c9bc-824a-4011-9a70-55a7d2f86ba2,1509897398438,23,False,u
247,f212c9bc-824a-4011-9a70-55a7d2f86ba2,1509897398461,42,False,u
248,f212c9bc-824a-4011-9a70-55a7d2f86ba2,1509897398685,14,False,d
249,f212c9bc-824a-4011-9a70-55a7d2f86ba2,1509897398789,14,False,u
250,f212c9bc-824a-4011-9a70-55a7d2f86ba2,1509897398893,42,False,d
251,f212c9bc-824a-4011-9a70-55a7d2f86ba2,1509897399149,42,False,u
252,f212c9bc-824a-4011-9a70-55a7d2f86ba2,1509897401677,42,False,d
253,f212c9bc-824a-4011-9a70-55a7d2f86ba2,1509897402805,32,False,d
254,f212c9bc-824a-4011-9a70-55a7d2f86ba2,1509897402902,32,False,u
255,f212c9bc-824a-4011-9a70-55a7d2f86ba2,1509897402933,42,False,u
256,f212c9bc-824a-4011-9a70-55a7d2f86ba2,1509897403021,30,False,d
257,f212c9bc-824a-4011-9a70-55a7d2f86ba2,1509897403109,30,False,u
258,f212c9bc-824a-4011-9a70-55a7d2f86ba2,1509897403133,35,False,d
259,f212c9bc-824a-4011-9a70-55a7d2f86ba2,1509897403197,35,False,u
260,f212c9bc-824a-4011-9a70-55a7d2f86ba2,1509897403302,35,False,d
261,f212c9bc-824a-4011-9a70-55a7d2f86ba2,1509897403373,35,False,u
262,f212c9bc-824a-4011-9a70-55a7d2f86ba2,1509897403645,57,False,d
263,f212c9bc-824a-4011-9a70-55a7d2f86ba2,1509897403741,57,False,u
264,f212c9bc-824a-4011-9a70-55a7d2f86ba2,1509897403878,48,False,d
265,f212c9bc-824a-4011-9a70-55a7d2f86ba2,1509897403966,48,False,u
266,f212c9bc-824a-4011-9a70-55a7d2f86ba2,1509897403997,19,False,d
267,f212c9bc-824a-4011-9a70-55a7d2f86ba2,1509897404070,19,False,u
268,f212c9bc-824a-4011-9a70-55a7d2f86ba2,1509897404287,14,False,d
269,f212c9bc-824a-4011-9a70-55a7d2f86ba2,1509897405301,14,False,u
270,f212c9bc-824a-4011-9a70-55a7d2f86ba2,1509897405310,42,False,d
271,f212c9bc-824a-4011-9a70-55a7d2f86ba2,1509897405390,32,False,d
272,f212c9bc-824a-4011-9a70-55a7d2f86ba2,1509897405501,32,False,u
273,f212c9bc-824a-4011-9a70-55a7d2f86ba2,1509897405534,42,False,u
274,f212c9bc-824a-4011-9a70-55a7d2f86ba2,1509897405613,30,False,d
275,f212c9bc-824a-4011-9a70-55a7d2f86ba2,1509897405702,30,False,u
276,f212c9bc-824a-4011-9a70-55a7d2f86ba2,1509897405806,30,False,d
277,f212c9bc-824a-4011-9a70-55a7d2f86ba2,1509897405870,30,False,u
278,f212c9bc-824a-4011-9a70-55a7d2f86ba2,1509897405894,35,False,d
279,f212c9bc-824a-4011-9a70-55a7d2f86ba2,1509897406014,35,False,u
280,f212c9bc-824a-4011-9a70-55a7d2f86ba2,1509897406133,35,False,d
281,f212c9bc-824a-4011-9a70-55a7d2f86ba2,1509897406213,35,False,u
282,f212c9bc-824a-4011-9a70-55a7d2f86ba2,1509897406302,35,False,d
283,f212c9bc-824a-4011-9a70-55a7d2f86ba2,1509897406397,35,False,u
284,f212c9bc-824a-4011-9a70-55a7d2f86ba2,1509897406469,57,False,d
285,f212c9bc-824a-4011-9a70-55a7d2f86ba2,1509897406573,57,False,u
286,f212c9bc-824a-4011-9a70-55a7d2f86ba2,1509897406686,48,False,d
287,f212c9bc-824a-4011-9a70-55a7d2f86ba2,1509897406750,48,False,u
288,f212c9bc-824a-4011-9a70-55a7d2f86ba2,1509897406774,19,False,d
289,f212c9bc-824a-4011-9a70-55a7d2f86ba2,1509897406846,19,False,u
290,f212c9bc-824a-4011-9a70-55a7d2f86ba2,1509897406878,23,False,d
291,f212c9bc-824a-4011-9a70-55a7d2f86ba2,1509897406942,49,False,d
292,f212c9bc-824a-4011-9a70-55a7d2f86ba2,1509897406982,23,False,u
293,f212c9bc-824a-4011-9a70-55a7d2f86ba2,1509897407014,34,False,d
294,f212c9bc-824a-4011-9a70-55a7d2f86ba2,1509897407040,49,False,u
295,f212c9bc-824a-4011-9a70-55a7d2f86ba2,1509897407078,34,False,u
296,f212c9bc-824a-4011-9a70-55a7d2f86ba2,1509897407158,57,False,d
297,f212c9bc-824a-4011-9a70-55a7d2f86ba2,1509897407213,20,False,d
298,f212c9bc-824a-4011-9a70-55a7d2f86ba2,1509897407222,57,False,u
299,f212c9bc-824a-4011-9a70-55a7d2f86ba2,1509897407285,20,False,u
300,f212c9bc-824a-4011-9a70-55a7d2f86ba2,1509897407334,35,False,d
301,f212c9bc-824a-4011-9a70-55a7d2f86ba2,1509897407398,35,False,u
302,f212c9bc-824a-4011-9a70-55a7d2f86ba2,1509897407414,18,False,d
303,f212c9bc-824a-4011-9a70-55a7d2f86ba2,1509897407469,18,False,u
304,f212c9bc-824a-4011-9a70-55a7d2f86ba2,1509897407534,50,False,d
305,f212c9bc-824a-4011-9a70-55a7d2f86ba2,1509897407622,57,False,d
306,f212c9bc-824a-4011-9a70-55a7d2f86ba2,1509897407702,50,False,u
307,f212c9bc-824a-4011-9a70-55a7d2f86ba2,1509897407742,57,False,u
308,f212c9bc-824a-4011-9a70-55a7d2f86ba2,1509897407750,20,False,d
309,f212c9bc-824a-4011-9a70-55a7d2f86ba2,1509897407822,20,False,u
310,f212c9bc-824a-4011-9a70-55a7d2f86ba2,1509897407870,24,False,d
311,f212c9bc-824a-4011-9a70-55a7d2f86ba2,1509897407918,57,False,d
312,f212c9bc-824a-4011-9a70-55a7d2f86ba2,1509897407925,24,False,u
313,f212c9bc-824a-4011-9a70-55a7d2f86ba2,1509897408005,57,False,u
314,f212c9bc-824a-4011-9a70-55a7d2f86ba2,1509897408022,21,False,d
315,f212c9bc-824a-4011-9a70-55a7d2f86ba2,1509897408085,24,False,d
316,f212c9bc-824a-4011-9a70-55a7d2f86ba2,1509897408093,21,False,u
317,f212c9bc-824a-4011-9a70-55a7d2f86ba2,1509897408158,22,False,d
318,f212c9bc-824a-4011-9a70-55a7d2f86ba2,1509897408190,24,False,u
319,f212c9bc-824a-4011-9a70-55a7d2f86ba2,1509897408246,19,False,d
320,f212c9bc-824a-4011-9a70-55a7d2f86ba2,1509897408253,22,False,u
321,f212c9bc-824a-4011-9a70-55a7d2f86ba2,1509897408317,19,False,u
322,f212c9bc-824a-4011-9a70-55a7d2f86ba2,1509897408358,57,False,d
323,f212c9bc-824a-4011-9a70-55a7d2f86ba2,1509897408478,57,False,u
324,f212c9bc-824a-4011-9a70-55a7d2f86ba2,1509897408510,47,False,d
325,f212c9bc-824a-4011-9a70-55a7d2f86ba2,1509897408581,47,False,u
326,f212c9bc-824a-4011-9a70-55a7d2f86ba2,1509897408725,30,False,d
327,f212c9bc-824a-4011-9a70-55a7d2f86ba2,1509897408774,30,False,u
328,f212c9bc-824a-4011-9a70-55a7d2f86ba2,1509897408806,49,False,d
329,f212c9bc-824a-4011-9a70-55a7d2f86ba2,1509897408878,49,False,u
330,f212c9bc-824a-4011-9a70-55a7d2f86ba2,1509897409382,49,False,d
331,f212c9bc-824a-4011-9a70-55a7d2f86ba2,1509897409454,49,False,u
332,f212c9bc-824a-4011-9a70-55a7d2f86ba2,1509897409526,49,False,d
333,f212c9bc-824a-4011-9a70-55a7d2f86ba2,1509897409614,49,False,u
334,f212c9bc-824a-4011-9a70-55a7d2f86ba2,1509897410110,28,False,d
335,f212c9bc-824a-4011-9a70-55a7d2f86ba2,1509897410221,28,False,u
336,72cc4371-4288-4c84-b163-e441a55ea1bf,1509897664072,3,False,d
337,72cc4371-4288-4c84-b163-e441a55ea1bf,1509897664205,3,False,u
338,72cc4371-4288-4c84-b163-e441a55ea1bf,1509897664332,6,False,d
339,72cc4371-4288-4c84-b163-e441a55ea1bf,1509897664427,6,False,u
340,72cc4371-4288-4c84-b163-e441a55ea1bf,1509897664630,11,False,d
341,72cc4371-4288-4c84-b163-e441a55ea1bf,1509897664715,11,False,u
342,72cc4371-4288-4c84-b163-e441a55ea1bf,1509897666230,8,False,d
343,72cc4371-4288-4c84-b163-e441a55ea1bf,1509897666305,8,False,u
344,72cc4371-4288-4c84-b163-e441a55ea1bf,1509897666389,8,False,d
345,72cc4371-4288-4c84-b163-e441a55ea1bf,1509897666503,8,False,u
346,72cc4371-4288-4c84-b163-e441a55ea1bf,1509897668005,9,False,d
347,72cc4371-4288-4c84-b163-e441a55ea1bf,1509897668103,9,False,u
348,72cc4371-4288-4c84-b163-e441a55ea1bf,1509897669574,3,False,d
349,72cc4371-4288-4c84-b163-e441a55ea1bf,1509897669702,3,False,u
350,72cc4371-4288-4c84-b163-e441a55ea1bf,1509897670235,5,False,d
351,72cc4371-4288-4c84-b163-e441a55ea1bf,1509897670324,5,False,u
352,72cc4371-4288-4c84-b163-e441a55ea1bf,1509897670588,3,False,d
353,72cc4371-4288-4c84-b163-e441a55ea1bf,1509897670695,3,False,u
354,72cc4371-4288-4c84-b163-e441a55ea1bf,1509897671396,57421,False,d
355,72cc4371-4288-4c84-b163-e441a55ea1bf,1509897671487,57421,False,u
356,72cc4371-4288-4c84-b163-e441a55ea1bf,1509897671878,2,False,d
357,72cc4371-4288-4c84-b163-e441a55ea1bf,1509897672025,2,False,u
358,72cc4371-4288-4c84-b163-e441a55ea1bf,1509897672407,57421,False,d
359,72cc4371-4288-4c84-b163-e441a55ea1bf,1509897672541,57421,False,u
360,72cc4371-4288-4c84-b163-e441a55ea1bf,1509897672619,57419,False,d
361,72cc4371-4288-4c84-b163-e441a55ea1bf,1509897672736,57419,False,u
362,72cc4371-4288-4c84-b163-e441a55ea1bf,1509897673142,56,False,d
363,72cc4371-4288-4c84-b163-e441a55ea1bf,1509897673295,56,False,u
364,72cc4371-4288-4c84-b163-e441a55ea1bf,1509897673342,35,False,d
365,72cc4371-4288-4c84-b163-e441a55ea1bf,1509897673401,35,False,u
366,72cc4371-4288-4c84-b163-e441a55ea1bf,1509897674574,57424,False,d
367,72cc4371-4288-4c84-b163-e441a55ea1bf,1509897674675,57424,False,u
368,72cc4371-4288-4c84-b163-e441a55ea1bf,1509897675324,57421,False,d
369,72cc4371-4288-4c84-b163-e441a55ea1bf,1509897675379,57421,False,u
370,72cc4371-4288-4c84-b163-e441a55ea1bf,1509897675498,57421,False,d
371,72cc4371-4288-4c84-b163-e441a55ea1bf,1509897675546,57421,False,u
372,72cc4371-4288-4c84-b163-e441a55ea1bf,1509897676385,57421,False,d
373,72cc4371-4288-4c84-b163-e441a55ea1bf,1509897676473,57421,False,u
374,72cc4371-4288-4c84-b163-e441a55ea1bf,1509897677146,57424,False,d
375,72cc4371-4288-4c84-b163-e441a55ea1bf,1509897677198,57424,False,u
376,72cc4371-4288-4c84-b163-e441a55ea1bf,1509897677313,57424,False,d
377,72cc4371-4288-4c84-b163-e441a55ea1bf,1509897677399,57424,False,u
378,72cc4371-4288-4c84-b163-e441a55ea1bf,1509897677478,57424,False,d
379,72cc4371-4288-4c84-b163-e441a55ea1bf,1509897677577,57424,False,u
380,72cc4371-4288-4c84-b163-e441a55ea1bf,1509897677654,57424,False,d
381,72cc4371-4288-4c84-b163-e441a55ea1bf,1509897677723,57424,False,u
382,72cc4371-4288-4c84-b163-e441a55ea1bf,1509897677823,57424,False,d
383,72cc4371-4288-4c84-b163-e441a55ea1bf,1509897677895,57424,False,u
384,72cc4371-4288-4c84-b163-e441a55ea1bf,1509897677977,57424,False,d
385,72cc4371-4288-4c84-b163-e441a55ea1bf,1509897678068,57424,False,u
386,72cc4371-4288-4c84-b163-e441a55ea1bf,1509897678357,57416,False,d
387,72cc4371-4288-4c84-b163-e441a55ea1bf,1509897678456,57416,False,u
388,72cc4371-4288-4c84-b163-e441a55ea1bf,1509897678779,57419,False,d
389,72cc4371-4288-4c84-b163-e441a55ea1bf,1509897678923,57419,False,u
390,72cc4371-4288-4c84-b163-e441a55ea1bf,1509897679128,28,False,d
391,72cc4371-4288-4c84-b163-e441a55ea1bf,1509897679209,28,False,u
392,72cc4371-4288-4c84-b163-e441a55ea1bf,1509897679923,57421,False,d
393,72cc4371-4288-4c84-b163-e441a55ea1bf,1509897679978,57421,False,u
394,72cc4371-4288-4c84-b163-e441a55ea1bf,1509897680086,57421,False,d
395,72cc4371-4288-4c84-b163-e441a55ea1bf,1509897680180,57421,False,u
396,f212c9bc-824a-4011-9a70-55a7d2f86ba2,1509897747279,42,False,d
397,f212c9bc-824a-4011-9a70-55a7d2f86ba2,1509897747447,30,False,d
398,f212c9bc-824a-4011-9a70-55a7d2f86ba2,1509897747551,30,False,u
399,f212c9bc-824a-4011-9a70-55a7d2f86ba2,1509897747583,42,False,u
400,f212c9bc-824a-4011-9a70-55a7d2f86ba2,1509897747759,31,False,d
401,f212c9bc-824a-4011-9a70-55a7d2f86ba2,1509897747839,31,False,u
402,f212c9bc-824a-4011-9a70-55a7d2f86ba2,1509897748159,14,False,d
403,f212c9bc-824a-4011-9a70-55a7d2f86ba2,1509897748263,14,False,u
404,f212c9bc-824a-4011-9a70-55a7d2f86ba2,1509897748375,22,False,d
405,f212c9bc-824a-4011-9a70-55a7d2f86ba2,1509897748447,31,False,d
406,f212c9bc-824a-4011-9a70-55a7d2f86ba2,1509897748471,22,False,u
407,f212c9bc-824a-4011-9a70-55a7d2f86ba2,1509897748543,31,False,u
408,f212c9bc-824a-4011-9a70-55a7d2f86ba2,1509897748639,20,False,d
409,f212c9bc-824a-4011-9a70-55a7d2f86ba2,1509897748727,20,False,u
410,f212c9bc-824a-4011-9a70-55a7d2f86ba2,1509897748743,23,False,d
411,f212c9bc-824a-4011-9a70-55a7d2f86ba2,1509897748791,49,False,d
412,f212c9bc-824a-4011-9a70-55a7d2f86ba2,1509897748847,23,False,u
413,f212c9bc-824a-4011-9a70-55a7d2f86ba2,1509897748887,34,False,d
414,f212c9bc-824a-4011-9a70-55a7d2f86ba2,1509897748895,49,False,u
415,f212c9bc-824a-4011-9a70-55a7d2f86ba2,1509897748967,34,False,u
416,f212c9bc-824a-4011-9a70-55a7d2f86ba2,1509897749295,14,False,d
417,f212c9bc-824a-4011-9a70-55a7d2f86ba2,1509897749391,14,False,u
418,f212c9bc-824a-4011-9a70-55a7d2f86ba2,1509897749431,57,False,d
419,f212c9bc-824a-4011-9a70-55a7d2f86ba2,1509897749527,57,False,u
420,f212c9bc-824a-4011-9a70-55a7d2f86ba2,1509897749559,31,False,d
421,f212c9bc-824a-4011-9a70-55a7d2f86ba2,1509897749623,31,False,u
422,f212c9bc-824a-4011-9a70-55a7d2f86ba2,1509897749727,42,False,d
423,f212c9bc-824a-4011-9a70-55a7d2f86ba2,1509897749839,14,False,d
424,f212c9bc-824a-4011-9a70-55a7d2f86ba2,1509897749903,14,False,u
425,f212c9bc-824a-4011-9a70-55a7d2f86ba2,1509897749951,31,False,d
426,f212c9bc-824a-4011-9a70-55a7d2f86ba2,1509897750071,31,False,u
427,f212c9bc-824a-4011-9a70-55a7d2f86ba2,1509897750079,42,False,u
428,f212c9bc-824a-4011-9a70-55a7d2f86ba2,1509897750183,50,False,d
429,f212c9bc-824a-4011-9a70-55a7d2f86ba2,1509897750271,50,False,u
430,f212c9bc-824a-4011-9a70-55a7d2f86ba2,1509897750319,23,False,d
431,f212c9bc-824a-4011-9a70-55a7d2f86ba2,1509897750391,20,False,d
432,f212c9bc-824a-4011-9a70-55a7d2f86ba2,1509897750399,23,False,u
433,f212c9bc-824a-4011-9a70-55a7d2f86ba2,1509897750471,20,False,u
434,f212c9bc-824a-4011-9a70-55a7d2f86ba2,1509897750479,35,False,d
435,f212c9bc-824a-4011-9a70-55a7d2f86ba2,1509897750559,35,False,u
436,f212c9bc-824a-4011-9a70-55a7d2f86ba2,1509897750591,28,False,d
437,f212c9bc-824a-4011-9a70-55a7d2f86ba2,1509897750711,28,False,u
438,f212c9bc-824a-4011-9a70-55a7d2f86ba2,1509897761352,57,False,d
439,f212c9bc-824a-4011-9a70-55a7d2f86ba2,1509897761479,57,False,u
440,f212c9bc-824a-4011-9a70-55a7d2f86ba2,1509897767905,57,False,d
441,f212c9bc-824a-4011-9a70-55a7d2f86ba2,1509897768032,57,False,u
442,72cc4371-4288-4c84-b163-e441a55ea1bf,1509897927755,3667,False,d
443,72cc4371-4288-4c84-b163-e441a55ea1bf,1509897927849,3667,False,u
444,72cc4371-4288-4c84-b163-e441a55ea1bf,1509897928736,56,False,d
445,72cc4371-4288-4c84-b163-e441a55ea1bf,1509897928835,56,False,u
446,72cc4371-4288-4c84-b163-e441a55ea1bf,1509897928852,35,False,d
447,72cc4371-4288-4c84-b163-e441a55ea1bf,1509897928910,35,False,u
448,72cc4371-4288-4c84-b163-e441a55ea1bf,1509897928976,35,False,d
449,72cc4371-4288-4c84-b163-e441a55ea1bf,1509897929053,35,False,u
450,72cc4371-4288-4c84-b163-e441a55ea1bf,1509897929153,49,False,d
451,72cc4371-4288-4c84-b163-e441a55ea1bf,1509897929228,49,False,u
452,72cc4371-4288-4c84-b163-e441a55ea1bf,1509897929504,28,False,d
453,72cc4371-4288-4c84-b163-e441a55ea1bf,1509897929582,28,False,u
454,72cc4371-4288-4c84-b163-e441a55ea1bf,1509897930891,57416,False,d
455,72cc4371-4288-4c84-b163-e441a55ea1bf,1509897930998,57416,False,u
456,1d63b44d-a7cb-4ee6-b228-b0ff5b7d086f,1509898689661,3675,False,d
457,1d63b44d-a7cb-4ee6-b228-b0ff5b7d086f,1509898689845,47,False,d
458,1d63b44d-a7cb-4ee6-b228-b0ff5b7d086f,1509898689957,47,False,u
459,1d63b44d-a7cb-4ee6-b228-b0ff5b7d086f,1509898690125,3675,False,u
460,1d63b44d-a7cb-4ee6-b228-b0ff5b7d086f,1509898697843,42,False,d
461,1d63b44d-a7cb-4ee6-b228-b0ff5b7d086f,1509898698024,21,False,d
462,1d63b44d-a7cb-4ee6-b228-b0ff5b7d086f,1509898698032,42,False,u
463,1d63b44d-a7cb-4ee6-b228-b0ff5b7d086f,1509898698080,21,False,u
464,1d63b44d-a7cb-4ee6-b228-b0ff5b7d086f,1509898698097,18,False,d
465,1d63b44d-a7cb-4ee6-b228-b0ff5b7d086f,1509898698165,18,False,u
466,1d63b44d-a7cb-4ee6-b228-b0ff5b7d086f,1509898698207,31,False,d
467,1d63b44d-a7cb-4ee6-b228-b0ff5b7d086f,1509898698255,57,False,d
468,1d63b44d-a7cb-4ee6-b228-b0ff5b7d086f,1509898698275,31,False,u
469,1d63b44d-a7cb-4ee6-b228-b0ff5b7d086f,1509898698315,57,False,u
470,1d63b44d-a7cb-4ee6-b228-b0ff5b7d086f,1509898698355,23,False,d
471,1d63b44d-a7cb-4ee6-b228-b0ff5b7d086f,1509898698415,23,False,u
472,1d63b44d-a7cb-4ee6-b228-b0ff5b7d086f,1509898698433,20,False,d
473,1d63b44d-a7cb-4ee6-b228-b0ff5b7d086f,1509898698489,57,False,d
474,1d63b44d-a7cb-4ee6-b228-b0ff5b7d086f,1509898698525,20,False,u
475,1d63b44d-a7cb-4ee6-b228-b0ff5b7d086f,1509898698569,57,False,u
476,1d63b44d-a7cb-4ee6-b228-b0ff5b7d086f,1509898698826,57,False,d
477,1d63b44d-a7cb-4ee6-b228-b0ff5b7d086f,1509898698878,57,False,u
478,1d63b44d-a7cb-4ee6-b228-b0ff5b7d086f,1509898699136,14,False,d
479,1d63b44d-a7cb-4ee6-b228-b0ff5b7d086f,1509898699189,14,False,u
480,1d63b44d-a7cb-4ee6-b228-b0ff5b7d086f,1509898699301,23,False,d
481,1d63b44d-a7cb-4ee6-b228-b0ff5b7d086f,1509898699373,23,False,u
482,1d63b44d-a7cb-4ee6-b228-b0ff5b7d086f,1509898699417,31,False,d
483,1d63b44d-a7cb-4ee6-b228-b0ff5b7d086f,1509898699501,31,False,u
484,1d63b44d-a7cb-4ee6-b228-b0ff5b7d086f,1509898699547,52,False,d
485,1d63b44d-a7cb-4ee6-b228-b0ff5b7d086f,1509898699547,51,False,d
486,1d63b44d-a7cb-4ee6-b228-b0ff5b7d086f,1509898699567,51,False,u
487,1d63b44d-a7cb-4ee6-b228-b0ff5b7d086f,1509898699623,52,False,u
488,1d63b44d-a7cb-4ee6-b228-b0ff5b7d086f,1509898699783,28,False,d
489,1d63b44d-a7cb-4ee6-b228-b0ff5b7d086f,1509898699839,28,False,u
490,1d63b44d-a7cb-4ee6-b228-b0ff5b7d086f,1509898700673,14,False,d
491,1d63b44d-a7cb-4ee6-b228-b0ff5b7d086f,1509898700725,14,False,u
492,1d63b44d-a7cb-4ee6-b228-b0ff5b7d086f,1509898700801,14,False,d
493,1d63b44d-a7cb-4ee6-b228-b0ff5b7d086f,1509898700849,14,False,u
494,1d63b44d-a7cb-4ee6-b228-b0ff5b7d086f,1509898700915,14,False,d
495,1d63b44d-a7cb-4ee6-b228-b0ff5b7d086f,1509898700983,14,False,u
496,1d63b44d-a7cb-4ee6-b228-b0ff5b7d086f,1509898701167,28,False,d
497,1d63b44d-a7cb-4ee6-b228-b0ff5b7d086f,1509898701264,28,False,u
498,1d63b44d-a7cb-4ee6-b228-b0ff5b7d086f,1509898703993,51,False,d
499,1d63b44d-a7cb-4ee6-b228-b0ff5b7d086f,1509898704061,51,False,u
500,1d63b44d-a7cb-4ee6-b228-b0ff5b7d086f,1509898704137,57,False,d
501,1d63b44d-a7cb-4ee6-b228-b0ff5b7d086f,1509898704186,57,False,u
502,1d63b44d-a7cb-4ee6-b228-b0ff5b7d086f,1509898704246,20,False,d
503,1d63b44d-a7cb-4ee6-b228-b0ff5b7d086f,1509898704306,35,False,d
504,1d63b44d-a7cb-4ee6-b228-b0ff5b7d086f,1509898704309,20,False,u
505,1d63b44d-a7cb-4ee6-b228-b0ff5b7d086f,1509898704350,30,False,d
506,1d63b44d-a7cb-4ee6-b228-b0ff5b7d086f,1509898704366,35,False,u
507,1d63b44d-a7cb-4ee6-b228-b0ff5b7d086f,1509898704430,30,False,u
508,1d63b44d-a7cb-4ee6-b228-b0ff5b7d086f,1509898704446,49,False,d
509,1d63b44d-a7cb-4ee6-b228-b0ff5b7d086f,1509898704515,37,False,d
510,1d63b44d-a7cb-4ee6-b228-b0ff5b7d086f,1509898704527,49,False,u
511,1d63b44d-a7cb-4ee6-b228-b0ff5b7d086f,1509898704579,31,False,d
512,1d63b44d-a7cb-4ee6-b228-b0ff5b7d086f,1509898704586,37,False,u
513,1d63b44d-a7cb-4ee6-b228-b0ff5b7d086f,1509898704671,31,False,u
514,1d63b44d-a7cb-4ee6-b228-b0ff5b7d086f,1509898726408,2,False,d
515,1d63b44d-a7cb-4ee6-b228-b0ff5b7d086f,1509898726488,2,False,u
516,1d63b44d-a7cb-4ee6-b228-b0ff5b7d086f,1509898726629,10,False,d
517,1d63b44d-a7cb-4ee6-b228-b0ff5b7d086f,1509898726697,10,False,u
518,1d63b44d-a7cb-4ee6-b228-b0ff5b7d086f,1509898727050,7,False,d
519,1d63b44d-a7cb-4ee6-b228-b0ff5b7d086f,1509898727134,7,False,u
520,1d63b44d-a7cb-4ee6-b228-b0ff5b7d086f,1509898727311,2,False,d
521,1d63b44d-a7cb-4ee6-b228-b0ff5b7d086f,1509898727387,2,False,u
522,1d63b44d-a7cb-4ee6-b228-b0ff5b7d086f,1509898727447,10,False,d
523,1d63b44d-a7cb-4ee6-b228-b0ff5b7d086f,1509898727551,10,False,u
524,1d63b44d-a7cb-4ee6-b228-b0ff5b7d086f,1509898734098,6,False,d
525,1d63b44d-a7cb-4ee6-b228-b0ff5b7d086f,1509898734206,6,False,u
526,1d63b44d-a7cb-4ee6-b228-b0ff5b7d086f,1509898734348,8,False,d
527,1d63b44d-a7cb-4ee6-b228-b0ff5b7d086f,1509898734435,8,False,u
528,1d63b44d-a7cb-4ee6-b228-b0ff5b7d086f,1509898735529,4,False,d
529,1d63b44d-a7cb-4ee6-b228-b0ff5b7d086f,1509898735585,4,False,u
530,1d63b44d-a7cb-4ee6-b228-b0ff5b7d086f,1509898735753,9,False,d
531,1d63b44d-a7cb-4ee6-b228-b0ff5b7d086f,1509898735837,9,False,u
532,1d63b44d-a7cb-4ee6-b228-b0ff5b7d086f,1509898737344,10,False,d
533,1d63b44d-a7cb-4ee6-b228-b0ff5b7d086f,1509898737444,10,False,u
534,1d63b44d-a7cb-4ee6-b228-b0ff5b7d086f,1509898737724,7,False,d
535,1d63b44d-a7cb-4ee6-b228-b0ff5b7d086f,1509898737800,7,False,u
536,1d63b44d-a7cb-4ee6-b228-b0ff5b7d086f,1509898779058,3675,False,d
537,1d63b44d-a7cb-4ee6-b228-b0ff5b7d086f,1509898779158,46,False,d
538,1d63b44d-a7cb-4ee6-b228-b0ff5b7d086f,1509898779298,46,False,u
539,1d63b44d-a7cb-4ee6-b228-b0ff5b7d086f,1509898779459,3675,False,u
540,1d63b44d-a7cb-4ee6-b228-b0ff5b7d086f,1509898824621,42,False,d
541,1d63b44d-a7cb-4ee6-b228-b0ff5b7d086f,1509898824910,42,False,u
542,1d63b44d-a7cb-4ee6-b228-b0ff5b7d086f,1509898845448,2,False,d
543,1d63b44d-a7cb-4ee6-b228-b0ff5b7d086f,1509898845553,2,False,u
544,1d63b44d-a7cb-4ee6-b228-b0ff5b7d086f,1509898845621,11,False,d
545,1d63b44d-a7cb-4ee6-b228-b0ff5b7d086f,1509898845666,11,False,u
546,1d63b44d-a7cb-4ee6-b228-b0ff5b7d086f,1509898845742,11,False,d
547,1d63b44d-a7cb-4ee6-b228-b0ff5b7d086f,1509898845809,42,False,d
548,1d63b44d-a7cb-4ee6-b228-b0ff5b7d086f,1509898845829,11,False,u
549,1d63b44d-a7cb-4ee6-b228-b0ff5b7d086f,1509898845925,6,False,d
550,1d63b44d-a7cb-4ee6-b228-b0ff5b7d086f,1509898846010,42,False,u
551,1d63b44d-a7cb-4ee6-b228-b0ff5b7d086f,1509898846041,6,False,u
552,1d63b44d-a7cb-4ee6-b228-b0ff5b7d086f,1509898846346,28,False,d
553,1d63b44d-a7cb-4ee6-b228-b0ff5b7d086f,1509898846403,28,False,u
554,1d63b44d-a7cb-4ee6-b228-b0ff5b7d086f,1509898851821,42,False,d
555,1d63b44d-a7cb-4ee6-b228-b0ff5b7d086f,1509898851969,23,False,d
556,1d63b44d-a7cb-4ee6-b228-b0ff5b7d086f,1509898852033,42,False,u
557,1d63b44d-a7cb-4ee6-b228-b0ff5b7d086f,1509898852053,23,False,u
558,1d63b44d-a7cb-4ee6-b228-b0ff5b7d086f,1509898852136,20,False,d
559,1d63b44d-a7cb-4ee6-b228-b0ff5b7d086f,1509898852224,20,False,u
560,1d63b44d-a7cb-4ee6-b228-b0ff5b7d086f,1509898852280,57,False,d
561,1d63b44d-a7cb-4ee6-b228-b0ff5b7d086f,1509898852396,57,False,u
562,1d63b44d-a7cb-4ee6-b228-b0ff5b7d086f,1509898852601,31,False,d
563,1d63b44d-a7cb-4ee6-b228-b0ff5b7d086f,1509898852661,35,False,d
564,1d63b44d-a7cb-4ee6-b228-b0ff5b7d086f,1509898852689,31,False,u
565,1d63b44d-a7cb-4ee6-b228-b0ff5b7d086f,1509898852737,35,False,u
566,1d63b44d-a7cb-4ee6-b228-b0ff5b7d086f,1509898852754,24,False,d
567,1d63b44d-a7cb-4ee6-b228-b0ff5b7d086f,1509898852818,22,False,d
568,1d63b44d-a7cb-4ee6-b228-b0ff5b7d086f,1509898852866,24,False,u
569,1d63b44d-a7cb-4ee6-b228-b0ff5b7d086f,1509898852879,22,False,u
570,1d63b44d-a7cb-4ee6-b228-b0ff5b7d086f,1509898852927,38,False,d
571,1d63b44d-a7cb-4ee6-b228-b0ff5b7d086f,1509898853035,38,False,u
572,1d63b44d-a7cb-4ee6-b228-b0ff5b7d086f,1509898853047,32,False,d
573,1d63b44d-a7cb-4ee6-b228-b0ff5b7d086f,1509898853107,57,False,d
574,1d63b44d-a7cb-4ee6-b228-b0ff5b7d086f,1509898853119,32,False,u
575,1d63b44d-a7cb-4ee6-b228-b0ff5b7d086f,1509898853179,57,False,u
576,1d63b44d-a7cb-4ee6-b228-b0ff5b7d086f,1509898853238,35,False,d
577,1d63b44d-a7cb-4ee6-b228-b0ff5b7d086f,1509898853330,35,False,u
578,1d63b44d-a7cb-4ee6-b228-b0ff5b7d086f,1509898853352,30,False,d
579,1d63b44d-a7cb-4ee6-b228-b0ff5b7d086f,1509898853396,30,False,u
580,1d63b44d-a7cb-4ee6-b228-b0ff5b7d086f,1509898853474,47,False,d
581,1d63b44d-a7cb-4ee6-b228-b0ff5b7d086f,1509898853546,18,False,d
582,1d63b44d-a7cb-4ee6-b228-b0ff5b7d086f,1509898853586,47,False,u
583,1d63b44d-a7cb-4ee6-b228-b0ff5b7d086f,1509898853626,57,False,d
584,1d63b44d-a7cb-4ee6-b228-b0ff5b7d086f,1509898853634,18,False,u
585,1d63b44d-a7cb-4ee6-b228-b0ff5b7d086f,1509898853711,57,False,u
586,1d63b44d-a7cb-4ee6-b228-b0ff5b7d086f,1509898853798,36,False,d
587,1d63b44d-a7cb-4ee6-b228-b0ff5b7d086f,1509898853886,36,False,u
588,1d63b44d-a7cb-4ee6-b228-b0ff5b7d086f,1509898853908,22,False,d
589,1d63b44d-a7cb-4ee6-b228-b0ff5b7d086f,1509898853940,31,False,d
590,1d63b44d-a7cb-4ee6-b228-b0ff5b7d086f,1509898853984,22,False,u
591,1d63b44d-a7cb-4ee6-b228-b0ff5b7d086f,1509898853996,31,False,u
592,1d63b44d-a7cb-4ee6-b228-b0ff5b7d086f,1509898854049,20,False,d
593,1d63b44d-a7cb-4ee6-b228-b0ff5b7d086f,1509898854133,20,False,u
594,1d63b44d-a7cb-4ee6-b228-b0ff5b7d086f,1509898854154,57,False,d
595,1d63b44d-a7cb-4ee6-b228-b0ff5b7d086f,1509898854242,57,False,u
596,1d63b44d-a7cb-4ee6-b228-b0ff5b7d086f,1509898854288,31,False,d
597,1d63b44d-a7cb-4ee6-b228-b0ff5b7d086f,1509898854376,31,False,u
598,1d63b44d-a7cb-4ee6-b228-b0ff5b7d086f,1509898854456,18,False,d
599,1d63b44d-a7cb-4ee6-b228-b0ff5b7d086f,1509898854524,18,False,u
600,1d63b44d-a7cb-4ee6-b228-b0ff5b7d086f,1509898854554,49,False,d
601,1d63b44d-a7cb-4ee6-b228-b0ff5b7d086f,1509898854614,49,False,u
602,1d63b44d-a7cb-4ee6-b228-b0ff5b7d086f,1509898854633,20,False,d
603,1d63b44d-a7cb-4ee6-b228-b0ff5b7d086f,1509898854717,57,False,d
604,1d63b44d-a7cb-4ee6-b228-b0ff5b7d086f,1509898854725,20,False,u
605,1d63b44d-a7cb-4ee6-b228-b0ff5b7d086f,1509898854785,57,False,u
606,1d63b44d-a7cb-4ee6-b228-b0ff5b7d086f,1509898854848,21,False,d
607,1d63b44d-a7cb-4ee6-b228-b0ff5b7d086f,1509898854908,21,False,u
608,1d63b44d-a7cb-4ee6-b228-b0ff5b7d086f,1509898854967,24,False,d
609,1d63b44d-a7cb-4ee6-b228-b0ff5b7d086f,1509898855019,22,False,d
610,1d63b44d-a7cb-4ee6-b228-b0ff5b7d086f,1509898855039,57,False,d
611,1d63b44d-a7cb-4ee6-b228-b0ff5b7d086f,1509898855067,24,False,u
612,1d63b44d-a7cb-4ee6-b228-b0ff5b7d086f,1509898855115,22,False,u
613,1d63b44d-a7cb-4ee6-b228-b0ff5b7d086f,1509898855131,57,False,u
614,1d63b44d-a7cb-4ee6-b228-b0ff5b7d086f,1509898855168,30,False,d
615,1d63b44d-a7cb-4ee6-b228-b0ff5b7d086f,1509898855252,30,False,u
616,1d63b44d-a7cb-4ee6-b228-b0ff5b7d086f,1509898855277,57,False,d
617,1d63b44d-a7cb-4ee6-b228-b0ff5b7d086f,1509898855365,57,False,u
618,1d63b44d-a7cb-4ee6-b228-b0ff5b7d086f,1509898855377,46,False,d
619,1d63b44d-a7cb-4ee6-b228-b0ff5b7d086f,1509898855457,46,False,u
620,1d63b44d-a7cb-4ee6-b228-b0ff5b7d086f,1509898855461,24,False,d
621,1d63b44d-a7cb-4ee6-b228-b0ff5b7d086f,1509898855549,24,False,u
622,1d63b44d-a7cb-4ee6-b228-b0ff5b7d086f,1509898855590,32,False,d
623,1d63b44d-a7cb-4ee6-b228-b0ff5b7d086f,1509898855674,32,False,u
624,1d63b44d-a7cb-4ee6-b228-b0ff5b7d086f,1509898855781,18,False,d
625,1d63b44d-a7cb-4ee6-b228-b0ff5b7d086f,1509898855865,52,False,d
626,1d63b44d-a7cb-4ee6-b228-b0ff5b7d086f,1509898855897,18,False,u
627,1d63b44d-a7cb-4ee6-b228-b0ff5b7d086f,1509898855953,52,False,u
628,1d63b44d-a7cb-4ee6-b228-b0ff5b7d086f,1509898855971,57,False,d
629,1d63b44d-a7cb-4ee6-b228-b0ff5b7d086f,1509898856067,57,False,u
630,1d63b44d-a7cb-4ee6-b228-b0ff5b7d086f,1509898856276,42,False,d
631,1d63b44d-a7cb-4ee6-b228-b0ff5b7d086f,1509898856811,31,False,d
632,1d63b44d-a7cb-4ee6-b228-b0ff5b7d086f,1509898856879,31,False,u
633,1d63b44d-a7cb-4ee6-b228-b0ff5b7d086f,1509898856983,42,False,u
634,1d63b44d-a7cb-4ee6-b228-b0ff5b7d086f,1509898857048,42,False,d
635,1d63b44d-a7cb-4ee6-b228-b0ff5b7d086f,1509898857164,14,False,d
636,1d63b44d-a7cb-4ee6-b228-b0ff5b7d086f,1509898857244,14,False,u
637,1d63b44d-a7cb-4ee6-b228-b0ff5b7d086f,1509898857288,46,False,d
638,1d63b44d-a7cb-4ee6-b228-b0ff5b7d086f,1509898857292,42,False,u
639,1d63b44d-a7cb-4ee6-b228-b0ff5b7d086f,1509898857384,30,False,d
640,1d63b44d-a7cb-4ee6-b228-b0ff5b7d086f,1509898857392,46,False,u
641,1d63b44d-a7cb-4ee6-b228-b0ff5b7d086f,1509898857456,49,False,d
642,1d63b44d-a7cb-4ee6-b228-b0ff5b7d086f,1509898857472,30,False,u
643,1d63b44d-a7cb-4ee6-b228-b0ff5b7d086f,1509898857520,57,False,d
644,1d63b44d-a7cb-4ee6-b228-b0ff5b7d086f,1509898857528,49,False,u
645,1d63b44d-a7cb-4ee6-b228-b0ff5b7d086f,1509898857584,57,False,u
646,1d63b44d-a7cb-4ee6-b228-b0ff5b7d086f,1509898857664,21,False,d
647,1d63b44d-a7cb-4ee6-b228-b0ff5b7d086f,1509898857708,21,False,u
648,1d63b44d-a7cb-4ee6-b228-b0ff5b7d086f,1509898857778,24,False,d
649,1d63b44d-a7cb-4ee6-b228-b0ff5b7d086f,1509898857822,22,False,d
650,1d63b44d-a7cb-4ee6-b228-b0ff5b7d086f,1509898857874,57,False,d
651,1d63b44d-a7cb-4ee6-b228-b0ff5b7d086f,1509898857878,24,False,u
652,1d63b44d-a7cb-4ee6-b228-b0ff5b7d086f,1509898857918,22,False,u
653,1d63b44d-a7cb-4ee6-b228-b0ff5b7d086f,1509898857970,31,False,d
654,1d63b44d-a7cb-4ee6-b228-b0ff5b7d086f,1509898857982,57,False,u
655,1d63b44d-a7cb-4ee6-b228-b0ff5b7d086f,1509898858058,31,False,u
656,1d63b44d-a7cb-4ee6-b228-b0ff5b7d086f,1509898858332,18,False,d
657,1d63b44d-a7cb-4ee6-b228-b0ff5b7d086f,1509898858408,18,False,u
658,1d63b44d-a7cb-4ee6-b228-b0ff5b7d086f,1509898858437,49,False,d
659,1d63b44d-a7cb-4ee6-b228-b0ff5b7d086f,1509898858513,49,False,u
660,1d63b44d-a7cb-4ee6-b228-b0ff5b7d086f,1509898858530,32,False,d
661,1d63b44d-a7cb-4ee6-b228-b0ff5b7d086f,1509898858626,57,False,d
662,1d63b44d-a7cb-4ee6-b228-b0ff5b7d086f,1509898858630,32,False,u
663,1d63b44d-a7cb-4ee6-b228-b0ff5b7d086f,1509898858698,57,False,u
664,1d63b44d-a7cb-4ee6-b228-b0ff5b7d086f,1509898858719,20,False,d
665,1d63b44d-a7cb-4ee6-b228-b0ff5b7d086f,1509898858751,35,False,d
666,1d63b44d-a7cb-4ee6-b228-b0ff5b7d086f,1509898858791,20,False,u
667,1d63b44d-a7cb-4ee6-b228-b0ff5b7d086f,1509898858812,30,False,d
668,1d63b44d-a7cb-4ee6-b228-b0ff5b7d086f,1509898858823,35,False,u
669,1d63b44d-a7cb-4ee6-b228-b0ff5b7d086f,1509898858887,20,False,d
670,1d63b44d-a7cb-4ee6-b228-b0ff5b7d086f,1509898858923,30,False,u
671,1d63b44d-a7cb-4ee6-b228-b0ff5b7d086f,1509898858955,57,False,d
672,1d63b44d-a7cb-4ee6-b228-b0ff5b7d086f,1509898858983,20,False,u
673,1d63b44d-a7cb-4ee6-b228-b0ff5b7d086f,1509898859035,57,False,u
674,1d63b44d-a7cb-4ee6-b228-b0ff5b7d086f,1509898859123,48,False,d
675,1d63b44d-a7cb-4ee6-b228-b0ff5b7d086f,1509898859199,30,False,d
676,1d63b44d-a7cb-4ee6-b228-b0ff5b7d086f,1509898859215,48,False,u
677,1d63b44d-a7cb-4ee6-b228-b0ff5b7d086f,1509898859271,30,False,u
678,1d63b44d-a7cb-4ee6-b228-b0ff5b7d086f,1509898859336,46,False,d
679,1d63b44d-a7cb-4ee6-b228-b0ff5b7d086f,1509898859404,37,False,d
680,1d63b44d-a7cb-4ee6-b228-b0ff5b7d086f,1509898859408,46,False,u
681,1d63b44d-a7cb-4ee6-b228-b0ff5b7d086f,1509898859464,37,False,u
682,1d63b44d-a7cb-4ee6-b228-b0ff5b7d086f,1509898859480,42,False,d
683,1d63b44d-a7cb-4ee6-b228-b0ff5b7d086f,1509898859596,53,False,d
684,1d63b44d-a7cb-4ee6-b228-b0ff5b7d086f,1509898859660,53,False,u
685,1d63b44d-a7cb-4ee6-b228-b0ff5b7d086f,1509898859716,57,False,d
686,1d63b44d-a7cb-4ee6-b228-b0ff5b7d086f,1509898859808,57,False,u
687,1d63b44d-a7cb-4ee6-b228-b0ff5b7d086f,1509898859892,20,False,d
688,1d63b44d-a7cb-4ee6-b228-b0ff5b7d086f,1509898859916,42,False,u
689,1d63b44d-a7cb-4ee6-b228-b0ff5b7d086f,1509898859952,35,False,d
690,1d63b44d-a7cb-4ee6-b228-b0ff5b7d086f,1509898859996,20,False,u
691,1d63b44d-a7cb-4ee6-b228-b0ff5b7d086f,1509898860004,30,False,d
692,1d63b44d-a7cb-4ee6-b228-b0ff5b7d086f,1509898860056,35,False,u
693,1d63b44d-a7cb-4ee6-b228-b0ff5b7d086f,1509898860104,30,False,u
694,1d63b44d-a7cb-4ee6-b228-b0ff5b7d086f,1509898860161,49,False,d
695,1d63b44d-a7cb-4ee6-b228-b0ff5b7d086f,1509898860221,37,False,d
696,1d63b44d-a7cb-4ee6-b228-b0ff5b7d086f,1509898860237,49,False,u
697,1d63b44d-a7cb-4ee6-b228-b0ff5b7d086f,1509898860269,31,False,d
698,1d63b44d-a7cb-4ee6-b228-b0ff5b7d086f,1509898860301,37,False,u
699,1d63b44d-a7cb-4ee6-b228-b0ff5b7d086f,1509898860385,31,False,u
700,1d63b44d-a7cb-4ee6-b228-b0ff5b7d086f,1509898860425,51,False,d
701,1d63b44d-a7cb-4ee6-b228-b0ff5b7d086f,1509898860513,51,False,u
702,1d63b44d-a7cb-4ee6-b228-b0ff5b7d086f,1509898860904,14,False,d
703,1d63b44d-a7cb-4ee6-b228-b0ff5b7d086f,1509898860968,14,False,u
704,1d63b44d-a7cb-4ee6-b228-b0ff5b7d086f,1509898861160,28,False,d
705,1d63b44d-a7cb-4ee6-b228-b0ff5b7d086f,1509898861228,28,False,u
706,1d63b44d-a7cb-4ee6-b228-b0ff5b7d086f,1509898878769,42,False,d
707,1d63b44d-a7cb-4ee6-b228-b0ff5b7d086f,1509898878952,23,False,d
708,1d63b44d-a7cb-4ee6-b228-b0ff5b7d086f,1509898879036,42,False,u
709,1d63b44d-a7cb-4ee6-b228-b0ff5b7d086f,1509898879041,23,False,u
710,1d63b44d-a7cb-4ee6-b228-b0ff5b7d086f,1509898879094,57,False,d
711,1d63b44d-a7cb-4ee6-b228-b0ff5b7d086f,1509898879167,57,False,u
712,1d63b44d-a7cb-4ee6-b228-b0ff5b7d086f,1509898879223,35,False,d
713,1d63b44d-a7cb-4ee6-b228-b0ff5b7d086f,1509898879299,35,False,u
714,1d63b44d-a7cb-4ee6-b228-b0ff5b7d086f,1509898879342,24,False,d
715,1d63b44d-a7cb-4ee6-b228-b0ff5b7d086f,1509898879463,24,False,u
716,1d63b44d-a7cb-4ee6-b228-b0ff5b7d086f,1509898879535,49,False,d
717,1d63b44d-a7cb-4ee6-b228-b0ff5b7d086f,1509898879623,49,False,u
718,1d63b44d-a7cb-4ee6-b228-b0ff5b7d086f,1509898879714,18,False,d
719,1d63b44d-a7cb-4ee6-b228-b0ff5b7d086f,1509898879775,18,False,u
720,1d63b44d-a7cb-4ee6-b228-b0ff5b7d086f,1509898879819,31,False,d
721,1d63b44d-a7cb-4ee6-b228-b0ff5b7d086f,1509898879912,31,False,u
722,1d63b44d-a7cb-4ee6-b228-b0ff5b7d086f,1509898879940,20,False,d
723,1d63b44d-a7cb-4ee6-b228-b0ff5b7d086f,1509898880020,38,False,d
724,1d63b44d-a7cb-4ee6-b228-b0ff5b7d086f,1509898880045,20,False,u
725,1d63b44d-a7cb-4ee6-b228-b0ff5b7d086f,1509898880125,38,False,u
726,1d63b44d-a7cb-4ee6-b228-b0ff5b7d086f,1509898880248,21,False,d
727,1d63b44d-a7cb-4ee6-b228-b0ff5b7d086f,1509898880326,21,False,u
728,1d63b44d-a7cb-4ee6-b228-b0ff5b7d086f,1509898880332,57,False,d
729,1d63b44d-a7cb-4ee6-b228-b0ff5b7d086f,1509898880427,57,False,u
730,1d63b44d-a7cb-4ee6-b228-b0ff5b7d086f,1509898880487,32,False,d
731,1d63b44d-a7cb-4ee6-b228-b0ff5b7d086f,1509898880560,24,False,d
732,1d63b44d-a7cb-4ee6-b228-b0ff5b7d086f,1509898880576,32,False,u
733,1d63b44d-a7cb-4ee6-b228-b0ff5b7d086f,1509898880603,49,False,d
734,1d63b44d-a7cb-4ee6-b228-b0ff5b7d086f,1509898880632,24,False,u
735,1d63b44d-a7cb-4ee6-b228-b0ff5b7d086f,1509898880676,49,False,u
736,1d63b44d-a7cb-4ee6-b228-b0ff5b7d086f,1509898880771,40,False,d
737,1d63b44d-a7cb-4ee6-b228-b0ff5b7d086f,1509898880840,40,False,u
738,1d63b44d-a7cb-4ee6-b228-b0ff5b7d086f,1509898880874,20,False,d
739,1d63b44d-a7cb-4ee6-b228-b0ff5b7d086f,1509898880934,20,False,u
740,1d63b44d-a7cb-4ee6-b228-b0ff5b7d086f,1509898880934,57,False,d
741,1d63b44d-a7cb-4ee6-b228-b0ff5b7d086f,1509898881051,57,False,u
742,1d63b44d-a7cb-4ee6-b228-b0ff5b7d086f,1509898881096,19,False,d
743,1d63b44d-a7cb-4ee6-b228-b0ff5b7d086f,1509898881157,19,False,u
744,1d63b44d-a7cb-4ee6-b228-b0ff5b7d086f,1509898881266,18,False,d
745,1d63b44d-a7cb-4ee6-b228-b0ff5b7d086f,1509898881339,18,False,u
746,1d63b44d-a7cb-4ee6-b228-b0ff5b7d086f,1509898881396,30,False,d
747,1d63b44d-a7cb-4ee6-b228-b0ff5b7d086f,1509898881476,38,False,d
748,1d63b44d-a7cb-4ee6-b228-b0ff5b7d086f,1509898881479,30,False,u
749,1d63b44d-a7cb-4ee6-b228-b0ff5b7d086f,1509898881532,38,False,u
750,1d63b44d-a7cb-4ee6-b228-b0ff5b7d086f,1509898881590,38,False,d
751,1d63b44d-a7cb-4ee6-b228-b0ff5b7d086f,1509898881651,38,False,u
752,1d63b44d-a7cb-4ee6-b228-b0ff5b7d086f,1509898881756,21,False,d
753,1d63b44d-a7cb-4ee6-b228-b0ff5b7d086f,1509898881824,21,False,u
754,1d63b44d-a7cb-4ee6-b228-b0ff5b7d086f,1509898881836,57,False,d
755,1d63b44d-a7cb-4ee6-b228-b0ff5b7d086f,1509898881952,57,False,u
756,1d63b44d-a7cb-4ee6-b228-b0ff5b7d086f,1509898882067,22,False,d
757,1d63b44d-a7cb-4ee6-b228-b0ff5b7d086f,1509898882135,49,False,d
758,1d63b44d-a7cb-4ee6-b228-b0ff5b7d086f,1509898882191,22,False,u
759,1d63b44d-a7cb-4ee6-b228-b0ff5b7d086f,1509898882235,49,False,u
760,1d63b44d-a7cb-4ee6-b228-b0ff5b7d086f,1509898882239,32,False,d
761,1d63b44d-a7cb-4ee6-b228-b0ff5b7d086f,1509898882299,32,False,u
762,1d63b44d-a7cb-4ee6-b228-b0ff5b7d086f,1509898882372,18,False,d
763,1d63b44d-a7cb-4ee6-b228-b0ff5b7d086f,1509898882444,19,False,d
764,1d63b44d-a7cb-4ee6-b228-b0ff5b7d086f,1509898882484,18,False,u
765,1d63b44d-a7cb-4ee6-b228-b0ff5b7d086f,1509898882484,19,False,u
766,1d63b44d-a7cb-4ee6-b228-b0ff5b7d086f,1509898882553,31,False,d
767,1d63b44d-a7cb-4ee6-b228-b0ff5b7d086f,1509898882621,20,False,d
768,1d63b44d-a7cb-4ee6-b228-b0ff5b7d086f,1509898882645,31,False,u
769,1d63b44d-a7cb-4ee6-b228-b0ff5b7d086f,1509898882701,20,False,u
770,1d63b44d-a7cb-4ee6-b228-b0ff5b7d086f,1509898882709,30,False,d
771,1d63b44d-a7cb-4ee6-b228-b0ff5b7d086f,1509898882808,30,False,u
772,1d63b44d-a7cb-4ee6-b228-b0ff5b7d086f,1509898882816,49,False,d
773,1d63b44d-a7cb-4ee6-b228-b0ff5b7d086f,1509898882893,49,False,u
774,1d63b44d-a7cb-4ee6-b228-b0ff5b7d086f,1509898882914,32,False,d
775,1d63b44d-a7cb-4ee6-b228-b0ff5b7d086f,1509898882990,32,False,u
776,1d63b44d-a7cb-4ee6-b228-b0ff5b7d086f,1509898883014,57,False,d
777,1d63b44d-a7cb-4ee6-b228-b0ff5b7d086f,1509898883098,57,False,u
778,1d63b44d-a7cb-4ee6-b228-b0ff5b7d086f,1509898883121,23,False,d
779,1d63b44d-a7cb-4ee6-b228-b0ff5b7d086f,1509898883237,23,False,u
780,1d63b44d-a7cb-4ee6-b228-b0ff5b7d086f,1509898883260,20,False,d
781,1d63b44d-a7cb-4ee6-b228-b0ff5b7d086f,1509898883320,57,False,d
782,1d63b44d-a7cb-4ee6-b228-b0ff5b7d086f,1509898883372,20,False,u
783,1d63b44d-a7cb-4ee6-b228-b0ff5b7d086f,1509898883452,57,False,u
784,1d63b44d-a7cb-4ee6-b228-b0ff5b7d086f,1509898883658,31,False,d
785,1d63b44d-a7cb-4ee6-b228-b0ff5b7d086f,1509898883731,31,False,u
786,1d63b44d-a7cb-4ee6-b228-b0ff5b7d086f,1509898883760,38,False,d
787,1d63b44d-a7cb-4ee6-b228-b0ff5b7d086f,1509898883809,38,False,u
788,1d63b44d-a7cb-4ee6-b228-b0ff5b7d086f,1509898884032,14,False,d
789,1d63b44d-a7cb-4ee6-b228-b0ff5b7d086f,1509898884080,14,False,u
790,1d63b44d-a7cb-4ee6-b228-b0ff5b7d086f,1509898884250,14,False,d
791,1d63b44d-a7cb-4ee6-b228-b0ff5b7d086f,1509898884314,14,False,u
792,1d63b44d-a7cb-4ee6-b228-b0ff5b7d086f,1509898884347,30,False,d
793,1d63b44d-a7cb-4ee6-b228-b0ff5b7d086f,1509898884443,30,False,u
794,1d63b44d-a7cb-4ee6-b228-b0ff5b7d086f,1509898884455,38,False,d
795,1d63b44d-a7cb-4ee6-b228-b0ff5b7d086f,1509898884524,38,False,u
796,1d63b44d-a7cb-4ee6-b228-b0ff5b7d086f,1509898884599,57,False,d
797,1d63b44d-a7cb-4ee6-b228-b0ff5b7d086f,1509898884623,57,False,u
798,1d63b44d-a7cb-4ee6-b228-b0ff5b7d086f,1509898884971,14,False,d
799,1d63b44d-a7cb-4ee6-b228-b0ff5b7d086f,1509898885015,14,False,u
800,1d63b44d-a7cb-4ee6-b228-b0ff5b7d086f,1509898885128,38,False,d
801,1d63b44d-a7cb-4ee6-b228-b0ff5b7d086f,1509898885208,38,False,u
802,1d63b44d-a7cb-4ee6-b228-b0ff5b7d086f,1509898885222,57,False,d
803,1d63b44d-a7cb-4ee6-b228-b0ff5b7d086f,1509898885294,57,False,u
804,1d63b44d-a7cb-4ee6-b228-b0ff5b7d086f,1509898885298,20,False,d
805,1d63b44d-a7cb-4ee6-b228-b0ff5b7d086f,1509898885358,20,False,u
806,1d63b44d-a7cb-4ee6-b228-b0ff5b7d086f,1509898885387,35,False,d
807,1d63b44d-a7cb-4ee6-b228-b0ff5b7d086f,1509898885435,30,False,d
808,1d63b44d-a7cb-4ee6-b228-b0ff5b7d086f,1509898885470,35,False,u
809,1d63b44d-a7cb-4ee6-b228-b0ff5b7d086f,1509898885490,20,False,d
810,1d63b44d-a7cb-4ee6-b228-b0ff5b7d086f,1509898885538,30,False,u
811,1d63b44d-a7cb-4ee6-b228-b0ff5b7d086f,1509898885586,57,False,d
812,1d63b44d-a7cb-4ee6-b228-b0ff5b7d086f,1509898885613,20,False,u
813,1d63b44d-a7cb-4ee6-b228-b0ff5b7d086f,1509898885698,57,False,u
814,1d63b44d-a7cb-4ee6-b228-b0ff5b7d086f,1509898885781,50,False,d
815,1d63b44d-a7cb-4ee6-b228-b0ff5b7d086f,1509898885849,50,False,u
816,1d63b44d-a7cb-4ee6-b228-b0ff5b7d086f,1509898885945,22,False,d
817,1d63b44d-a7cb-4ee6-b228-b0ff5b7d086f,1509898886013,22,False,u
818,1d63b44d-a7cb-4ee6-b228-b0ff5b7d086f,1509898886021,46,False,d
819,1d63b44d-a7cb-4ee6-b228-b0ff5b7d086f,1509898886117,46,False,u
820,1d63b44d-a7cb-4ee6-b228-b0ff5b7d086f,1509898886117,35,False,d
821,1d63b44d-a7cb-4ee6-b228-b0ff5b7d086f,1509898886169,57,False,d
822,1d63b44d-a7cb-4ee6-b228-b0ff5b7d086f,1509898886226,35,False,u
823,1d63b44d-a7cb-4ee6-b228-b0ff5b7d086f,1509898886265,57,False,u
824,1d63b44d-a7cb-4ee6-b228-b0ff5b7d086f,1509898886354,48,False,d
825,1d63b44d-a7cb-4ee6-b228-b0ff5b7d086f,1509898886454,48,False,u
826,1d63b44d-a7cb-4ee6-b228-b0ff5b7d086f,1509898886466,30,False,d
827,1d63b44d-a7cb-4ee6-b228-b0ff5b7d086f,1509898886562,30,False,u
828,1d63b44d-a7cb-4ee6-b228-b0ff5b7d086f,1509898886773,14,False,d
829,1d63b44d-a7cb-4ee6-b228-b0ff5b7d086f,1509898886838,14,False,u
830,1d63b44d-a7cb-4ee6-b228-b0ff5b7d086f,1509898886852,18,False,d
831,1d63b44d-a7cb-4ee6-b228-b0ff5b7d086f,1509898886912,18,False,u
832,1d63b44d-a7cb-4ee6-b228-b0ff5b7d086f,1509898887012,20,False,d
833,1d63b44d-a7cb-4ee6-b228-b0ff5b7d086f,1509898887088,20,False,u
834,1d63b44d-a7cb-4ee6-b228-b0ff5b7d086f,1509898887148,20,False,d
835,1d63b44d-a7cb-4ee6-b228-b0ff5b7d086f,1509898887229,20,False,u
836,1d63b44d-a7cb-4ee6-b228-b0ff5b7d086f,1509898887321,18,False,d
837,1d63b44d-a7cb-4ee6-b228-b0ff5b7d086f,1509898887389,19,False,d
838,1d63b44d-a7cb-4ee6-b228-b0ff5b7d086f,1509898887450,18,False,u
839,1d63b44d-a7cb-4ee6-b228-b0ff5b7d086f,1509898887474,51,False,d
840,1d63b44d-a7cb-4ee6-b228-b0ff5b7d086f,1509898887477,19,False,u
841,1d63b44d-a7cb-4ee6-b228-b0ff5b7d086f,1509898887570,51,False,u
842,1d63b44d-a7cb-4ee6-b228-b0ff5b7d086f,1509898887582,57,False,d
843,1d63b44d-a7cb-4ee6-b228-b0ff5b7d086f,1509898887674,57,False,u
844,1d63b44d-a7cb-4ee6-b228-b0ff5b7d086f,1509898887852,42,False,d
845,1d63b44d-a7cb-4ee6-b228-b0ff5b7d086f,1509898887941,23,False,d
846,1d63b44d-a7cb-4ee6-b228-b0ff5b7d086f,1509898887993,42,False,u
847,1d63b44d-a7cb-4ee6-b228-b0ff5b7d086f,1509898888021,23,False,u
848,1d63b44d-a7cb-4ee6-b228-b0ff5b7d086f,1509898888154,40,False,d
849,1d63b44d-a7cb-4ee6-b228-b0ff5b7d086f,1509898888226,40,False,u
850,1d63b44d-a7cb-4ee6-b228-b0ff5b7d086f,1509898888322,50,False,d
851,1d63b44d-a7cb-4ee6-b228-b0ff5b7d086f,1509898888427,57,False,d
852,1d63b44d-a7cb-4ee6-b228-b0ff5b7d086f,1509898888438,50,False,u
853,1d63b44d-a7cb-4ee6-b228-b0ff5b7d086f,1509898888519,57,False,u
854,1d63b44d-a7cb-4ee6-b228-b0ff5b7d086f,1509898888702,36,False,d
855,1d63b44d-a7cb-4ee6-b228-b0ff5b7d086f,1509898888766,36,False,u
856,1d63b44d-a7cb-4ee6-b228-b0ff5b7d086f,1509898888788,22,False,d
857,1d63b44d-a7cb-4ee6-b228-b0ff5b7d086f,1509898888868,31,False,d
858,1d63b44d-a7cb-4ee6-b228-b0ff5b7d086f,1509898888880,22,False,u
859,1d63b44d-a7cb-4ee6-b228-b0ff5b7d086f,1509898888948,31,False,u
860,1d63b44d-a7cb-4ee6-b228-b0ff5b7d086f,1509898888969,20,False,d
861,1d63b44d-a7cb-4ee6-b228-b0ff5b7d086f,1509898889045,57,False,d
862,1d63b44d-a7cb-4ee6-b228-b0ff5b7d086f,1509898889048,20,False,u
863,1d63b44d-a7cb-4ee6-b228-b0ff5b7d086f,1509898889137,57,False,u
864,1d63b44d-a7cb-4ee6-b228-b0ff5b7d086f,1509898889236,22,False,d
865,1d63b44d-a7cb-4ee6-b228-b0ff5b7d086f,1509898889316,22,False,u
866,1d63b44d-a7cb-4ee6-b228-b0ff5b7d086f,1509898889325,31,False,d
867,1d63b44d-a7cb-4ee6-b228-b0ff5b7d086f,1509898889397,31,False,u
868,1d63b44d-a7cb-4ee6-b228-b0ff5b7d086f,1509898889441,23,False,d
869,1d63b44d-a7cb-4ee6-b228-b0ff5b7d086f,1509898889494,49,False,d
870,1d63b44d-a7cb-4ee6-b228-b0ff5b7d086f,1509898889530,23,False,u
871,1d63b44d-a7cb-4ee6-b228-b0ff5b7d086f,1509898889586,49,False,u
872,1d63b44d-a7cb-4ee6-b228-b0ff5b7d086f,1509898889594,34,False,d
873,1d63b44d-a7cb-4ee6-b228-b0ff5b7d086f,1509898889633,57,False,d
874,1d63b44d-a7cb-4ee6-b228-b0ff5b7d086f,1509898889665,34,False,u
875,1d63b44d-a7cb-4ee6-b228-b0ff5b7d086f,1509898889702,57,False,u
876,1d63b44d-a7cb-4ee6-b228-b0ff5b7d086f,1509898889734,50,False,d
877,1d63b44d-a7cb-4ee6-b228-b0ff5b7d086f,1509898889811,50,False,u
878,1d63b44d-a7cb-4ee6-b228-b0ff5b7d086f,1509898889897,21,False,d
879,1d63b44d-a7cb-4ee6-b228-b0ff5b7d086f,1509898889973,21,False,u
880,1d63b44d-a7cb-4ee6-b228-b0ff5b7d086f,1509898889977,57,False,d
881,1d63b44d-a7cb-4ee6-b228-b0ff5b7d086f,1509898890113,23,False,d
882,1d63b44d-a7cb-4ee6-b228-b0ff5b7d086f,1509898890113,57,False,u
883,1d63b44d-a7cb-4ee6-b228-b0ff5b7d086f,1509898890189,49,False,d
884,1d63b44d-a7cb-4ee6-b228-b0ff5b7d086f,1509898890221,23,False,u
885,1d63b44d-a7cb-4ee6-b228-b0ff5b7d086f,1509898890301,49,False,u
886,1d63b44d-a7cb-4ee6-b228-b0ff5b7d086f,1509898890336,20,False,d
887,1d63b44d-a7cb-4ee6-b228-b0ff5b7d086f,1509898890432,20,False,u
888,1d63b44d-a7cb-4ee6-b228-b0ff5b7d086f,1509898890452,22,False,d
889,1d63b44d-a7cb-4ee6-b228-b0ff5b7d086f,1509898890536,22,False,u
890,1d63b44d-a7cb-4ee6-b228-b0ff5b7d086f,1509898890894,23,False,d
891,1d63b44d-a7cb-4ee6-b228-b0ff5b7d086f,1509898891038,23,False,u
892,1d63b44d-a7cb-4ee6-b228-b0ff5b7d086f,1509898891074,20,False,d
893,1d63b44d-a7cb-4ee6-b228-b0ff5b7d086f,1509898891166,20,False,u
894,1d63b44d-a7cb-4ee6-b228-b0ff5b7d086f,1509898891182,23,False,d
895,1d63b44d-a7cb-4ee6-b228-b0ff5b7d086f,1509898891238,24,False,d
896,1d63b44d-a7cb-4ee6-b228-b0ff5b7d086f,1509898891289,49,False,d
897,1d63b44d-a7cb-4ee6-b228-b0ff5b7d086f,1509898891322,23,False,u
898,1d63b44d-a7cb-4ee6-b228-b0ff5b7d086f,1509898891342,24,False,u
899,1d63b44d-a7cb-4ee6-b228-b0ff5b7d086f,1509898891417,49,False,u
900,1d63b44d-a7cb-4ee6-b228-b0ff5b7d086f,1509898891779,57,False,d
901,1d63b44d-a7cb-4ee6-b228-b0ff5b7d086f,1509898891879,57,False,u
902,1d63b44d-a7cb-4ee6-b228-b0ff5b7d086f,1509898891905,17,False,d
903,1d63b44d-a7cb-4ee6-b228-b0ff5b7d086f,1509898891980,35,False,d
904,1d63b44d-a7cb-4ee6-b228-b0ff5b7d086f,1509898891992,17,False,u
905,1d63b44d-a7cb-4ee6-b228-b0ff5b7d086f,1509898892065,18,False,d
906,1d63b44d-a7cb-4ee6-b228-b0ff5b7d086f,1509898892080,35,False,u
907,1d63b44d-a7cb-4ee6-b228-b0ff5b7d086f,1509898892141,49,False,d
908,1d63b44d-a7cb-4ee6-b228-b0ff5b7d086f,1509898892144,18,False,u
909,1d63b44d-a7cb-4ee6-b228-b0ff5b7d086f,1509898892233,57,False,d
910,1d63b44d-a7cb-4ee6-b228-b0ff5b7d086f,1509898892236,49,False,u
911,1d63b44d-a7cb-4ee6-b228-b0ff5b7d086f,1509898892329,57,False,u
912,1d63b44d-a7cb-4ee6-b228-b0ff5b7d086f,1509898893132,20,False,d
913,1d63b44d-a7cb-4ee6-b228-b0ff5b7d086f,1509898893212,35,False,d
914,1d63b44d-a7cb-4ee6-b228-b0ff5b7d086f,1509898893228,20,False,u
915,1d63b44d-a7cb-4ee6-b228-b0ff5b7d086f,1509898893289,35,False,u
916,1d63b44d-a7cb-4ee6-b228-b0ff5b7d086f,1509898893326,23,False,d
917,1d63b44d-a7cb-4ee6-b228-b0ff5b7d086f,1509898893378,49,False,d
918,1d63b44d-a7cb-4ee6-b228-b0ff5b7d086f,1509898893418,23,False,u
919,1d63b44d-a7cb-4ee6-b228-b0ff5b7d086f,1509898893482,49,False,u
920,1d63b44d-a7cb-4ee6-b228-b0ff5b7d086f,1509898893482,34,False,d
921,1d63b44d-a7cb-4ee6-b228-b0ff5b7d086f,1509898893566,34,False,u
922,1d63b44d-a7cb-4ee6-b228-b0ff5b7d086f,1509898893592,31,False,d
923,1d63b44d-a7cb-4ee6-b228-b0ff5b7d086f,1509898893692,31,False,u
924,1d63b44d-a7cb-4ee6-b228-b0ff5b7d086f,1509898893748,57,False,d
925,1d63b44d-a7cb-4ee6-b228-b0ff5b7d086f,1509898893864,57,False,u
926,1d63b44d-a7cb-4ee6-b228-b0ff5b7d086f,1509898893912,30,False,d
927,1d63b44d-a7cb-4ee6-b228-b0ff5b7d086f,1509898893991,30,False,u
928,1d63b44d-a7cb-4ee6-b228-b0ff5b7d086f,1509898894090,19,False,d
929,1d63b44d-a7cb-4ee6-b228-b0ff5b7d086f,1509898894147,19,False,u
930,1d63b44d-a7cb-4ee6-b228-b0ff5b7d086f,1509898894223,23,False,d
931,1d63b44d-a7cb-4ee6-b228-b0ff5b7d086f,1509898894303,23,False,u
932,1d63b44d-a7cb-4ee6-b228-b0ff5b7d086f,1509898894325,31,False,d
933,1d63b44d-a7cb-4ee6-b228-b0ff5b7d086f,1509898894405,31,False,u
934,1d63b44d-a7cb-4ee6-b228-b0ff5b7d086f,1509898894456,18,False,d
935,1d63b44d-a7cb-4ee6-b228-b0ff5b7d086f,1509898894544,18,False,u
936,1d63b44d-a7cb-4ee6-b228-b0ff5b7d086f,1509898894616,52,False,d
937,1d63b44d-a7cb-4ee6-b228-b0ff5b7d086f,1509898894708,52,False,u
938,1d63b44d-a7cb-4ee6-b228-b0ff5b7d086f,1509898894726,57,False,d
939,1d63b44d-a7cb-4ee6-b228-b0ff5b7d086f,1509898894847,57,False,u
940,1d63b44d-a7cb-4ee6-b228-b0ff5b7d086f,1509898896065,42,False,d
941,1d63b44d-a7cb-4ee6-b228-b0ff5b7d086f,1509898896237,23,False,d
942,1d63b44d-a7cb-4ee6-b228-b0ff5b7d086f,1509898896332,23,False,u
943,1d63b44d-a7cb-4ee6-b228-b0ff5b7d086f,1509898896349,42,False,u
944,1d63b44d-a7cb-4ee6-b228-b0ff5b7d086f,1509898896409,57,False,d
945,1d63b44d-a7cb-4ee6-b228-b0ff5b7d086f,1509898896482,46,False,d
946,1d63b44d-a7cb-4ee6-b228-b0ff5b7d086f,1509898896513,57,False,u
947,1d63b44d-a7cb-4ee6-b228-b0ff5b7d086f,1509898896538,30,False,d
948,1d63b44d-a7cb-4ee6-b228-b0ff5b7d086f,1509898896593,46,False,u
949,1d63b44d-a7cb-4ee6-b228-b0ff5b7d086f,1509898896629,30,False,u
950,1d63b44d-a7cb-4ee6-b228-b0ff5b7d086f,1509898896637,49,False,d
951,1d63b44d-a7cb-4ee6-b228-b0ff5b7d086f,1509898896746,49,False,u
952,1d63b44d-a7cb-4ee6-b228-b0ff5b7d086f,1509898897702,57,False,d
953,1d63b44d-a7cb-4ee6-b228-b0ff5b7d086f,1509898897842,57,False,u
954,1d63b44d-a7cb-4ee6-b228-b0ff5b7d086f,1509898897883,20,False,d
955,1d63b44d-a7cb-4ee6-b228-b0ff5b7d086f,1509898897940,20,False,u
956,1d63b44d-a7cb-4ee6-b228-b0ff5b7d086f,1509898898016,19,False,d
957,1d63b44d-a7cb-4ee6-b228-b0ff5b7d086f,1509898898085,19,False,u
958,1d63b44d-a7cb-4ee6-b228-b0ff5b7d086f,1509898898139,21,False,d
959,1d63b44d-a7cb-4ee6-b228-b0ff5b7d086f,1509898898228,21,False,u
960,1d63b44d-a7cb-4ee6-b228-b0ff5b7d086f,1509898898445,57,False,d
961,1d63b44d-a7cb-4ee6-b228-b0ff5b7d086f,1509898898565,57,False,u
962,1d63b44d-a7cb-4ee6-b228-b0ff5b7d086f,1509898898899,48,False,d
963,1d63b44d-a7cb-4ee6-b228-b0ff5b7d086f,1509898898967,48,False,u
964,1d63b44d-a7cb-4ee6-b228-b0ff5b7d086f,1509898898988,22,False,d
965,1d63b44d-a7cb-4ee6-b228-b0ff5b7d086f,1509898899087,22,False,u
966,1d63b44d-a7cb-4ee6-b228-b0ff5b7d086f,1509898899099,20,False,d
967,1d63b44d-a7cb-4ee6-b228-b0ff5b7d086f,1509898899176,57,False,d
968,1d63b44d-a7cb-4ee6-b228-b0ff5b7d086f,1509898899187,20,False,u
969,1d63b44d-a7cb-4ee6-b228-b0ff5b7d086f,1509898899283,57,False,u
970,1d63b44d-a7cb-4ee6-b228-b0ff5b7d086f,1509898903670,23,False,d
971,1d63b44d-a7cb-4ee6-b228-b0ff5b7d086f,1509898903767,23,False,u
972,1d63b44d-a7cb-4ee6-b228-b0ff5b7d086f,1509898903789,20,False,d
973,1d63b44d-a7cb-4ee6-b228-b0ff5b7d086f,1509898903845,57,False,d
974,1d63b44d-a7cb-4ee6-b228-b0ff5b7d086f,1509898903877,20,False,u
975,1d63b44d-a7cb-4ee6-b228-b0ff5b7d086f,1509898903947,57,False,u
976,1d63b44d-a7cb-4ee6-b228-b0ff5b7d086f,1509898903973,17,False,d
977,1d63b44d-a7cb-4ee6-b228-b0ff5b7d086f,1509898904029,24,False,d
978,1d63b44d-a7cb-4ee6-b228-b0ff5b7d086f,1509898904065,17,False,u
979,1d63b44d-a7cb-4ee6-b228-b0ff5b7d086f,1509898904093,22,False,d
980,1d63b44d-a7cb-4ee6-b228-b0ff5b7d086f,1509898904149,24,False,u
981,1d63b44d-a7cb-4ee6-b228-b0ff5b7d086f,1509898904170,22,False,u
982,1d63b44d-a7cb-4ee6-b228-b0ff5b7d086f,1509898904241,38,False,d
983,1d63b44d-a7cb-4ee6-b228-b0ff5b7d086f,1509898904342,38,False,u
984,1d63b44d-a7cb-4ee6-b228-b0ff5b7d086f,1509898904355,32,False,d
985,1d63b44d-a7cb-4ee6-b228-b0ff5b7d086f,1509898904395,57,False,d
986,1d63b44d-a7cb-4ee6-b228-b0ff5b7d086f,1509898904459,32,False,u
987,1d63b44d-a7cb-4ee6-b228-b0ff5b7d086f,1509898904472,57,False,u
988,1d63b44d-a7cb-4ee6-b228-b0ff5b7d086f,1509898904499,38,False,d
989,1d63b44d-a7cb-4ee6-b228-b0ff5b7d086f,1509898904600,38,False,u
990,1d63b44d-a7cb-4ee6-b228-b0ff5b7d086f,1509898904622,23,False,d
991,1d63b44d-a7cb-4ee6-b228-b0ff5b7d086f,1509898904711,23,False,u
992,1d63b44d-a7cb-4ee6-b228-b0ff5b7d086f,1509898904773,37,False,d
993,1d63b44d-a7cb-4ee6-b228-b0ff5b7d086f,1509898904849,18,False,d
994,1d63b44d-a7cb-4ee6-b228-b0ff5b7d086f,1509898904850,37,False,u
995,1d63b44d-a7cb-4ee6-b228-b0ff5b7d086f,1509898904933,38,False,d
996,1d63b44d-a7cb-4ee6-b228-b0ff5b7d086f,1509898904941,18,False,u
997,1d63b44d-a7cb-4ee6-b228-b0ff5b7d086f,1509898905018,38,False,u
998,1d63b44d-a7cb-4ee6-b228-b0ff5b7d086f,1509898905094,21,False,d
999,1d63b44d-a7cb-4ee6-b228-b0ff5b7d086f,1509898905162,21,False,u
